	IDRegent	Periode	Geslachtsnaam	Tussenvoegsel	IDAdellijkeTitel	IDAcademischeTitel	Voornaam	Adel	Adelspredikaat	Heerlijkheid	Heerlijkheid2	Geboortejaar	OnbepaaldGeboortedatum	Overlijdensjaar	OnbepaaldOverlijdensdatum	Opmerkingen
0	5	1	Aerssen van Voshol	van	0	0	Cornelis	1		Voshol (1719)		1698.0	1	1766	0	Was niet beschreven in de Ridderschap van Holland, maar bezette wel namens de Ridderschap de zetels in de Rekenkamers.
1	6	1	Fremery	de	0	0	Nicolaas	0				1719.0	0	1784	0	[Ook in Prov. Rek.: 1758-61?]
2	7	1	Thilenius		0	0	Jan Abraham	0				1698.0	0	1754	0	
3	8	1	Meer	van der	0	0	"Jacob
Jacob"	0		Hogeveen		1696.0	0	1755	0	
4	9	1	Josselet		0	0	Coenraad	0				1710.0	1	1783	0	
5	10	1	Bas	de	0	0	Lodewijk	0		Horstermeer		1691.0	0	1756	0	
6	11	1	Hoesen	Kuysten van	0	0	Leonard	0				1745.0	0	1808	0	
7	12	1	Lijn	van der	0	0	Anthony Pieter	0				1724.0	0	1763	0	
8	13	1	Hoorn	van	0	0	Quirijn Wilhelm	0		Noordwijkerhout		1730.0	0	1797	0	
9	14	1	Rendorp		0	0	Joachim	0		Marquette		1728.0	0	1792	0	
10	15	1	Dedel		0	0	Abraham	0				1732.0	0	1798	0	
11	16	1	Does	Doys van der	0	0	Gerlach Jan	1		Langeveld		1732.0	0	1810	0	
12	17	1	Beelaerts		0	0	Gerard	0		Blokland (1769)	Wieldrecht en Dortsmonde	1710.0	0	1790	0	
13	18	1	Beelaerts van Blokland		0	0	Pieter	0		Blokland		1744.0	0	1812	0	
14	19	1	Brandeler	van den	0	0	Johan	0				1756.0	0	1820	0	
15	20	1	Snellen		0	0	Willem	0				1727.0	0	1791	0	
16	21	1	Honert	van den	0	0	Cornelis	0				1690.0	1	1762	0	
17	22	1	Beelaerts		0	0	Pieter Matthijs	0		Emmichoven		1725.0	0	1796	0	
18	23	1	Roo	de	0	0	Johan Hendrik	0		Westmaas	Wulverhorst	1712.0	0	1766	0	
19	24	1	Bout		0	0	Adriaan	0		Lieshout		1726.0	0	1786	0	
20	25	1	Repelaer		0	0	Hugo	0				1730.0	0	1804	0	
21	26	1	Berkhout	Teding van	0	0	Coenraad	0				1714.0	0	1770	0	
22	27	1	Drolenvaux		0	0	Simon	0				1722.0	0	1792	0	
23	28	1	Gronovius		0	0	Laurens Theodorus	0				1730.0	0	1777	0	
24	29	1	Cunaeus		0	0	Johan Andreas	0				1743.0	0	1797	0	
25	30	1	Hogeveen	van	0	0	Gerard	0				1738.0	0	1793	1	
26	31	1	Meerman		0	0	Johan	0				1753.0	0	1815	0	
27	32	1	Heuven	van	0	0	Roelof	0				1663.0	0	1727	0	
28	33	1	Vooren jr.	van der	0	0	Jacobus	0				0.0	0	0000	0	Voornaam ook: Jacob
29	34	1	Jager		0	0	Jan	0				1743.0	0	1801	0	
30	35	1	Hart	de	0	0	Hermanus	0				1753.0	0	1819	0	
31	36	1	Reeps		0	0	Johan	0				1710.0	0	1769	0	"Voornaam ook: Jan
Voornaam ook: Joan"
32	37	1	Tromp	Abbekerk	0	0	Floris	0				1721.0	0	1783	0	
33	38	1	Strijen	van	0	0	Quirijn	0				1718.0	0	1790	0	
34	39	1	Burch	van der	0	0	Cornelis	0				1730.0	0	1769	0	
35	40	1	Meerten	van	0	0	Lambertus	0				1733.0	0	1798	0	
36	41	1	Collot d'Escury		0	0	Simeon Petrus	0	Jonkheer	Naaldwijk (1742)	Sliedrecht (1759)	1719.0	0	1800	0	
37	42	1	Berkhout	Teding van	0	0	Jan	0				1713.0	0	1766	0	Voornaam ook: Johannes
38	43	1	Boogert		0	0	"FranÃ§ois


FranÃ§ois"	0				1733.0	0	1797	0	Geslachtsnaam ook: Bogert
39	44	1	Vlaerdingerwout Robbertsz.		0	0	Willem	0				1702.0	0	1782	0	Geslachtsnaam ook: Vlaardingerwout
40	45	1	Goes	van der	0	0	Adriaen	0				1695.0	0	1758	0	Voornaam ook: Adriaan
41	46	1	Hoogeveen	van	0	0	Gerard	0				1729.0	0	1797	0	
42	47	1	Catz	van	0	0	Jacob	0	Jonkheer	Catz	Veenhuizen	1703.0	0	1773	0	Geslachtsnaam ook :Cats
43	48	1	Pomeren	van	0	0	Cornelis	0				1693.0	0	1762	0	
44	49	1	Nahuys		0	0	Hubert Gerard	0				1725.0	0	1771	0	"Geslachtsnaam ook: Nahuijs
Voornamen ook: Huijbert Gerard"
45	50	1	Foreest	van	0	0	Jacob	0		Petten (1745)		1731.0	0	1783	0	
46	51	1	Wallendal	van	0	0	Jan	0				1707.0	0	1789	0	
47	52	1	Neelen		0	0	Cornelis	0				1717.0	0	0000	0	
48	53	1	Pont		0	0	Pieter	0				1722.0	0	1783	0	
49	54	1	Sanen	van	0	0	Arend	0				1721.0	0	1787	0	Voornaam ook: Arent
50	55	1	Uijlenberg		0	0	Pieter	0				1704.0	0	1781	0	
51	56	1	Zuylen van Nyevelt	van	0	0	Jacob	0				1699.0	0	1753	0	
52	57	1	Staal	van der	0	0	Dirk Cornelis	0		Kethel en Spaland		1705.0	0	1772	0	
53	58	1	Honert	van den	0	0	Johannes	0				1704.0	0	1768	0	
54	59	1	Hoeven	van der	0	0	Johan Adriaan	0				1732.0	0	1800	0	
55	60	1	Changuion		0	0	Pieter	0				1731.0	0	1804	0	In 1787 korte tijd als vroedschapslid geremoveerd.
56	61	1	Gallas		0	0	Jan Aernout	0				1688.0	0	1777	0	Voornamen ook: Johannes Arnoldus
57	62	1	Bosch	van den	0	0	Gerardus Jacobus	0				1737.0	0	1810	0	
58	63	1	Goes	van der	0	0	Philip Jacob	0				1752.0	0	1831	0	
59	64	1	Crab	van der	0	0	Augustinus	0				1715.0	0	1806	0	Geslachtsnaam ook: Van der Crap
60	65	1	Vaillant		0	0	Christiaan Joannes	0				1719.0	0	1781	0	"Voornamen ook: Christiaan Jan
Voornamen ook: Christiaan Johannes"
61	66	1	Slicher		0	0	Anthonis	0				1721.0	0	1794	0	"Voornaam ook: Antonis
Voornaam ook: Anthony"
62	67	1	Alderwerelt	van	0	0	Adriaan Louis	1		Oude- en  Nieuwe Struyten		1739.0	0	1781	0	
63	68	1	Valkenburg	van	0	0	Mattheus Willem	0		Callantsoog		1718.0	0	1784	0	
64	69	1	Twent	van GelÃ©	0	0	Abraham Catharinus	0		Cortenbosch		1746.0	0	1821	0	
65	70	1	Doom		0	0	Adriaen	0				1693.0	0	1762	0	Voornaam ook: Adriaan
66	71	1	Bleyswijk	van	0	0	Hugo	0				1677.0	0	1755	0	
67	72	1	Vapour	van der Graaff de	0	0	Hendrik	0		Wulven		1709.0	0	1778	0	
68	73	1	Lely	van der	0	0	Jacob	0				1698.0	0	1795	0	
69	74	1	Echten	van	0	0	Salomon	0				1694.0	0	1776	0	
70	75	1	Speelman		0	0	Jacob	0		Nuland		1724.0	0	1781	0	
71	76	1	Loquet		0	0	Pieter	0		der Burch		1719.0	1	0000	1	Overlijdensjaar: na 1789
72	77	1	Mauregnault	Boreel de	0	0	Johan	0				1741.0	0	1813	0	Voornaam ook: Jan
73	78	1	Melvill		0	0	Jan	0				1740.0	0	1788	0	Voornaam ook: John
74	79	1	Bouwens		0	0	Jan	0		Horssen (1748)		1725.0	0	1788	0	
75	80	1	Griffioen		0	0	Willem	0				1722.0	0	1796	0	
76	81	1	Pichot		0	0	Daniel	0				1722.0	0	1803	0	
77	82	1	Ravens		0	0	Caspar Jacob	0				0.0	0	1787	0	
78	83	1	Carnier		0	0	Carolus	0				1738.0	0	0000	0	Voornaam ook: Karel
79	84	1	Gijselaar	de	0	0	Nicolaas	0				1712.0	0	1780	0	Geslachtsnaam ook: de Gijselaer
80	85	1	Leyden	van	0	0	Pieter	1	Jonkheer	Nieuwland		1726.0	0	1786	0	
81	86	1	Berckel	van	0	0	Pieter Johan	0		Uytwijk (1757) en Nederveen		1725.0	0	1800	0	
82	87	1	Boogaert		0	0	Jacob Philippus	0		Alblasserdam		1735.0	0	1796	0	
83	88	1	Groeninx van Zoelen		0	0	Cornelis	0		Ridderkerk		1740.0	0	1791	0	Geslachtsnaam ook: Groeninx van Soelen
84	89	1	Mossel		0	0	Jacob	0				1739.0	0	1797	0	
85	90	1	Mieden	van der	0	0	Gualtherus George Gideon	0				1736.0	0	0000	0	Voornamen ook: Gualterus George Gideon
86	91	1	Dijl		0	0	Lucas	0				1747.0	0	0000	0	"Geslachtsnaam ook: Dijll
Geslachtsnaam ook: Dyl
Voornaam ook: Lukas"
87	92	1	Oosten	van	0	0	Gabriel Leonard	0				1745.0	0	1819	0	
88	93	1	Blankert		0	0	Jan	0				0.0	0	0000	0	
89	94	1	Kempen	van	0	0	Johannes	0				0.0	0	0000	0	
90	95	1	Bosschaert		0	0	Carel Jan	0				1734.0	0	1809	0	
91	96	1	Morgan		0	0	Jacob	0				0.0	0	0000	0	
92	97	1	Wit	de	0	0	Adriaan Mattheus	0				0.0	0	0000	0	
93	98	1	Steenis	de Swart	0	0	Jeronimus	0				0.0	0	0000	0	
94	99	1	Alsem van Lingen	van	0	0	Carel	0				0.0	0	1797	0	
95	100	1	Bruijn		0	0	Gerrit	0				1740.0	0	0000	0	Geslachtsnaam ook: Bruyn
96	101	1	Boon		0	0	Philippus Reinier	0				1731.0	0	1798	0	
97	102	1	Peereboom	Copius	0	0	Martin	0				1751.0	0	xxxx	0	
98	103	1	Peereboom		0	0	Lourens	0				1723.0	0	1788	0	Voornaam ook: Laurens
99	104	1	Nispen	van	0	0	Samuel Rudolph	0				1733.0	0	1775	0	Voornamen ook: Samuel Rudolphus
100	105	1	Pont		0	0	Frans	0				1753.0	0	1808	0	
101	106	1	Pan		0	0	Jan	0				1735.0	0		0	
102	107	1	Lange	de	0	0	Huijbert Geldolph	0				1741.0	0		0	Voornamen ook: Huybert Geldolph
103	108	1	Waert	van	0	0	Jacob	0				1744.0	0	0000	0	Geslachtsnaam ook: van Waart
104	109	1	Lakeman		0	0	Gerrit Jacob	0				1733.0	0		0	
105	110	1	Boot		0	0	Roelof	0				1735.0	0	1794	0	
106	111	1	Duyvensz		0	0	Anthony Pieter	0				1745.0	0		0	"Geslachtsnaam ook: Duijvensz
Geslachtsnaam ook: Duyvensz."
107	112	1	Appelman		0	0	Jan Lambertus	0				1730.0	0	1787	0	
108	113	1	Dieu	de	0	0	Daniel Carel	0				1748.0	0	1801	0	
109	114	1	Druyvesteyn		0	0	FranÃ§ois David Constantijn	0				1758.0	0	1803	0	"Geslachtsnaam ook: Druyvestein
Geslachtsnaam ook: Druyvesteijn
Geslachtsnaam ook: Druijvesteyn"
110	115	1	Hanswijk	van	0	0	Johannes Wilhelmus	0				0.0	0	1808	0	Voornamen ook: Johannes Willem
111	116	1	Willigen	van de	0	0	Abel	0				1726.0	0	0000	0	Geslachtsnaam ook: van der Willigen
112	117	1	Honert	van den	0	0	Rochus	1				1572.0	0	1638	0	Zweedse adellijke titel: 1635
113	118	1	Honert	van den	0	0	Johan	0				1603.0	1	1667	0	Geslachtsnaam ook: Van den Honaert
114	119	1	Honert	van den	0	0	Herman	0				1645.0	0	1730	0	
115	120	1	Brandeler	van den	0	0	Johan	0				1667.0	0	1755	0	
116	121	1	Eelbo		0	0	Roelof	0		Molenaarsgraaf (1731)		1682.0	0	1738	0	
117	122	1	Hallincq		0	0	Adriaan	0				1681.0	0	1741	0	Voornaam ook: Adriaen
118	123	1	Witt	de	0	0	Cornelis	0				1623.0	0	1672	0	Patroniem: Jacobsz.
119	124	1	Witt	de	0	0	Jacob	0				1548.0	0	1621	0	Patroniem: Fransz.
120	125	1	Witt	de	0	0	Cornelis	0				1545.0	0	1622	0	Patroniem: Fransz.
121	126	1	Witt	de	0	0	Thomas Wilemsz.	0				1548.0	0	1601	0	
122	127	1	Witt	de	0	0	Jacob	0		Manizee, Melisant en Cromstrijen		1589.0	0	1674	0	Patroniem: Cornelisz.
123	128	1	Hoeufft		0	0	Jacob	0				1660.0	0	1717	0	
124	129	1	Witt	de	0	0	Johan	0				1618.0	0	1676	0	Patroniem: Johansz.
125	130	1	Witt	de	0	0	Johan	0				1668.0	0	1724	0	Patroniem: Johansz.
126	131	1	Brandwijk van Blokland		0	0	Willem	0		 Blokland (1646)		1626.0	0	1696	0	Geslachtsnaam ook: Brantwijk van Blockland
127	132	1	Blijenburgh	van	0	0	Adriaen	1	Jonker	Naaldwijk		1616.0	0	1684	0	"Geslachtsnaam ook: Van Blijenburch
Voornaam ook: Adriaan"
128	133	1	Teresteijn	van	0	0	Cornelis	0				1579.0	0	1643	0	
129	134	1	Ruysch		0	0	Coenraad	1				1586.0	0	1654	0	"Geslachtsnaam ook: Ruijsch
Adellijke titel H.R.R.: 1649."
130	135	1	Burch	van der	0	0	Johan	0		Niemandsvriend		1613.0	0	1688	0	
131	136	1	Burch	van der	0	0	FranÃ§ois	0				1574.0	0	1624	0	
132	137	1	Beaumont	van	0	0	Simon	0				1588.0	0	1637	0	
133	138	1	Wassenaer van Starrenburg	van	0	0	Willem	1		Starrenburg, Ruyven, Maasland en Maassluis		1649.0	0	1723	0	Geslachtsnaam ook: Van Wassenaar
134	139	1	Wassenaer van Duvenvoirde	van	0	0	Jacob	1		Voorschoten (1668)	Duvenvoirde en Veur (1681)	1649.0	0	1707	0	Geslachtsnaam ook: Van Wassenaar
135	140	1	Wassenaer van Obdam	van	0	0	Johan Hendrik	1		Obdam		1683.0	0	1745	0	Geslachtsnaam ook: Van Wassenaar
136	141	1	Boetzelaer van Nieuwveen	van den	0	0	Jacob Godefroy	1		Nieuwveen (1708)		1680.0	0	1736	0	"Voornamen ook: Jacob Godefroi
Geslachtsnaam ook: Van den Boetselaer"
137	142	1	Boetzelaer van Asperen	van den	0	0	Philip Jacob	1		Asperen, Hoogwoud, Aartswoud en Raaphorst		1634.0	0	1688	0	"Geslachtsnaam ook: Van den Boetselaer

Was vÃ³Ã³r 1663 niet beschreven in de Ridderschap van Holland, maar bezette wel namens de Ridderschap de zetel in de Admiralieit te Amsterdam."
138	143	1	Bouchorst van Wimmenum	van den	0	0	Amelis	1	Jonker	Wimmenum		0.0	0	1669	0	
139	144	1	Poelgeest van Homade	van	0	0	Gerrit	1	Jonker	Homade		1545.0	0	1614	1	
140	145	1	Does van Noordwijk	van der	0	0	Wigbold	1		Beide Noordwijken, Offem en Langeveld	Sint Anthoniepolder (1699)	1676.0	0	1725	0	
141	146	1	Does van Noordwijk	van der	0	0	Steven	1	Jonker	Noordwijk en Offem		1644.0	0	1694	0	
142	147	1	Crayesteijn	van	0	0	Wouter	0		Wulven en Crayesteijn		0.0	0	1624	0	"Geslachtsnaam ook: Van Crayesteyn
Geslachtsnaam ook: Van Crayestein"
143	148	1	Matenesse	van	0	0	Johan	1	Jonker	Matenesse, Riviere en Opmeer		1596.0	0	1653	0	"Geslachtsnaam ook: Van Mathenesse
Voornaam ook: Jan"
144	149	1	Beveren	van	0	0	Abraham	0		Oost- en West-Barendrecht		1604.0	0	1663	0	
145	150	1	Beveren	van	0	0	Cornelis	1		Strevelshoek		1591.0	0	1663	0	Franse adellijke titel: 1635.
146	151	1	Beveren	van	0	0	Willem	0				1556.0	0	1631	0	
147	152	1	Beveren	van	0	0	Jacob	0		Zwijndrecht		1612.0	0	1676	0	
148	153	1	Briel		0	0	Herbert	0				1670.0	0	1737	0	
149	154	1	Kinschot	van	0	0	Gaspar	0				1676.0	0	1759	0	
150	155	1	Born	van den	0	0	FranÃ§ois Nicolaas	0				1674.0	0	1748	0	Voornamen ook: FranÃ§ois Nicolaes
151	156	1	Pauw		0	0	Maerten	0				1616.0	0	1680	0	Voornaam ook: Maarten
152	157	1	Boetzelaer van Asperen	van den	0	0	Rutger	1	Jonker	Asperen	Langerak, Merwede en Carnisse	1534.0	0	1604	0	Geslachtsnaam ook: Van den Boetselaer
153	158	1	Goes	van der	0	0	Franco	0				1621.0	0	1700	0	
154	159	1	Hoeff	van der	0	0	Adriaen	0				1631.0	0	1704	0	"Geslachtsnaam ook: Van der Hoef
Voornaam ook: Adriaan"
155	160	1	Meerman		0	0	Dirck	1		Molenaersgraeff	Voorburch (1661)	1610.0	0	1680	0	Voornaam ook: Dirk
156	161	1	Hoogenhouck	van	0	0	Maerten	0				1651.0	0	1720	0	"Geslachtsnaam ook: Van Hoogenhoek
Voornaam ook: Maarten"
157	162	1	Graswinckel		0	0	Engelbrecht	0				1653.0	0	1738	0	Geslachtsnaam ook: Graswinkel
158	163	1	Spiering		0	0	Cornelis	0		Spieringshoek		1663.0	0	1745	0	
159	164	1	Hooft		0	0	Willem	0				1661.0	0	1740	0	
160	165	1	Berkel	van	0	0	Willem	0				1679.0	0	1759	0	
161	166	1	Dussen	van der	0	0	Arent Bruinsz.	0				1683.0	0	1742	0	
162	167	1	Vredenburch	van	0	0	Adriaen	0				1680.0	0	1759	0	"Geslachtsnaam ook: Van Vredenburgh
Voornaam ook: Adriaan"
163	168	1	Ingilby		0	0	Dirk	0				1690.0	0	1748	0	
164	169	1	Matenesse	van	0	0	Johan	1	Jonker	Matenesse		1533.0	0	1602	0	"Geslachtsnaam ook: Van Mathenesse
Voornaam ook: Jan"
165	170	1	Wassenaer van Duvenvoirde	van	0	0	Johan	1	Jonker	Duvenvoirde, 't Woud, Starrenburg en Veur (1600)	Voorschoten (1615)	1576.0	0	1645	0	Voerde vÃ³Ã³r 1600 de naam: Johan van Duvenvoirde
166	171	1	Beijeren van Schagen	van	0	0	Johan	1	Jonker	Schagen (1550)	Oud- en Nieuw-Goudriaan (1572)	1544.0	0	1618	0	
167	172	1	Dussen	van der	0	0	Ewout Jacobsz.	0				1574.0	0	1653	0	
168	173	1	Goes	van der	0	0	Andries	0		Naters		1619.0	0	1669	0	
169	174	1	Goes	van der	0	0	Andries	0		Naters		1649.0	0	1721	0	Voornaam ook: Adriaen
170	175	1	Santen	van	0	0	Gerrit	0				0.0	0	1635	0	Voornaam ook: Gerard
171	176	1	Duyst van Voorhout		0	0	Johan	0				1582.0	0	1666	0	Geslachtsnaam ook: Duijst van Voorhout
172	177	1	Vredenburch	van	0	0	Jacob	0		Adrichem		1643.0	0	1714	0	
173	178	1	Admiraal		0	0	Simon	0				1641.0	0	1724	0	
174	179	1	Alewijn		0	0	Abraham	0				1707.0	0	1755	0	
175	180	1	Bichon Visch		0	0	Jacob Bastiaan	0				1752.0	0	1834	0	
176	181	1	Bleyswijk	van	0	0	Johan	0				1684.0	0	1748	0	
177	182	1	Broeck	van den	0	0	Willem	0		Vrijhoven		1647.0	0	1726	0	
178	183	1	Buys		0	0	Berent Willem	0				1716.0	0	1763	0	Voornamen ook: Berend Willem
179	184	1	Dierkens		0	0	Willem Hendrik	0				1711.0	0	1776	0	
180	185	1	Does	van der	0	0	Johan	0				1694.0	0	1749	0	
181	186	1	Fremeaux		0	0	Abraham Pieter	0				1755.0	0	1798	0	
182	187	1	Graafland		0	0	Gillis	0				1730.0	0	1796	0	
183	188	1	Graafland		0	0	Johan Philips	0				1756.0	0	1828	0	
184	189	1	Grande	de	0	0	Adriaan	0				1682.0	0	1763	0	
185	190	1	Hees	van	0	0	Hendrik	0		De Tempel, Berkel en Rodenrijs (1744)		1684.0	0	1754	0	
186	191	1	Hees	van	0	0	Anthony Hendrik	0		De Tempel, Berkel en Rodenrijs		1724.0	0	1768	0	
187	192	1	Hoeufft		0	0	Pompejus	0				1702.0	0	1787	0	
188	193	1	Hoog		0	0	Thomas	0				1716.0	0	1781	0	
189	194	1	Hoop	van der	0	0	Cornelis	0				1716.0	0	1781	0	
190	195	1	Hop		0	0	Cornelis	0				1620.0	0	1704	0	
191	196	1	Hop		0	0	Johannes	0				1709.0	0	1772	0	
192	197	1	Nispen	van	0	0	Johan	0				1700.0	0	1776	0	
193	198	1	Persijn	van	0	0	Govert Jan	0				1724.0	0	1809	0	Voornamen ook: Govert Johan
194	199	1	Rooseboom		0	0	Hubertus	0		Schrevelsrecht		1634.0	0	1722	0	
195	200	1	Roovere	de	0	0	Pompejus	0				1664.0	0	1742	0	Voornaam ook: Pompeius
196	201	1	Ruster	van	0	0	Abraham	0				1704.0	0	1754	0	
197	202	1	Santheuvel	van den	0	0	Diederik	0				1665.0	0	1718	0	
198	203	1	Santheuvel	van den	0	0	Adriaan	0				1701.0	0	1778	0	
199	204	1	Schaep		0	0	Reinier	0				1656.0	0	1734	0	
200	205	1	Scholten		0	0	Willem	0		Oud-Haarlem		1751.0	0	1816	0	
201	206	1	Spaan	van	0	0	Pieter	0				1748.0	0	0000	0	
202	207	1	Sluysken		0	0	Willem	0		Ter Horst		1673.0	0	1725	0	
203	208	1	Visscher		0	0	Adolf	0				1686.0	0	1746	0	
204	209	1	Vries	de	0	0	Feltrum	0				1659.0	0	1723	0	
205	210	1	Bisdom	Wijckerheld	0	0	Dirk Rudolph	0				1740.0	0	1814	0	Geslachtsnaam ook: Wyckerheld Bisdom
206	211	1	Gerlings		0	0	Cornelis	0				1699.0	0	1756	0	
207	212	1	Haer	van der	0	0	Johan	0				1655.0	0	1726	0	
208	213	1	Haer	van der	0	0	Nicolaas	0				1688.0	0	1742	0	
209	214	1	Hartman		0	0	Charles Anthony	0				1747.0	0	1821	0	
210	215	1	Hees	van	0	0	Herman	0		Berkel en Rodenrijs		1728.0	0	1786	0	
211	216	1	Pauw		0	0	Iman	0				1715.0	0	1779	0	
212	217	1	Mol		0	0	Johan	0				1692.0	0	1750	0	
213	218	1	Mollerus		0	0	Adriaan	0		Westkerke en Wulpendaal		1740.0	0	1809	0	
214	219	1	Vallensis		0	0	Gerard	0				1685.0	0	1715	0	
215	220	1	Velde	van der	0	0	Pieter	0				0.0	0	0000	0	
216	221	1	Bisdom		0	0	Jacob	0				1696.0	0	1762	0	
217	222	1	Hoen	't	0	0	Ysbrant	0				0.0	0	1788	0	
218	223	1	Hofland		0	0	Andries	0				0.0	0	1730	0	Geslachtsnaam ook: Hoffland
219	224	1	Nobeling		0	0	Wolfert	0		Oud-, Nieuw-, en Zuid-Beierland		1665.0	0	1733	0	
220	225	1	Vosmaer		0	0	Willem Carel	0				1749.0	0	1818	0	
221	226	1	Wesele	van	0	0	Anthony	0				1701.0	0	0000	0	
222	227	1	Wybo		0	0	Jan	0				1705.0	0	1761	0	
223	228	1	Duyn van 's-Gravenmoer	van der	0	0	Adam Adriaan	1		's-Gravenmoer en Benthorn		1683.0	0	1753	0	
224	229	1	Bentinck van Rhoon		0	0	Willem	1		Rhoon en Pendrecht (1713)	Terrington	1704.0	0	1774	0	
225	230	1	Boetzelaer van Nieuwveen	van den	0	0	Jacob Philip	1		Nieuwveen (1737)		1711.0	0	1781	0	
226	231	1	Does van Noordwijk	van der	0	0	Wigbold Johan Theodoor	1		Noordwijk, Offem en Langeveld		1726.0	0	1787	0	Voornamen ook: Wigbold Jan Theodoor
227	232	1	Wassenaer van Starrenburg	van	0	0	Willem Lodewijk	1		Starrenburg, Ruyven, Maasland en Maassluis		1744.0	0	1833	0	
228	233	1	Slingelandt	van	0	0	Govert	1		Slingelandt		1692.0	0	1776	0	
229	234	1	Karsseboom		0	0	Jeronimus	0				1706.0	0	1771	0	
230	235	1	Burch	van der	0	0	Johan	0		Niemandsvriend		1690.0	0	1771	0	Tussen 1745 en 1750 was hij geen lid van de vroedschap van Dordrecht.
231	236	1	Egmond van Kenenburg	van	0	0	Jacob	1	Jonker	Kenenburg		1545.0	1	1618	0	Geslachtsnaam ook: Van Egmont
232	237	1	Muys van Holy		0	0	Hugo	1		Woude (1592)	Kethel en Spaland (1624)	0.0	0	1626	0	
233	238	1	Slingelandt	van	0	0	Damas	0				1688.0	0	1771	0	
234	239	1	Ourijck	Doll van	0	0	Caspar Balthazar	0				1697.0	0	1777	0	
235	240	1	Dussen	van der	0	0	Nicolaas	0		Oost-Barendrecht		1718.0	0	1770	0	
236	241	1	Santheuvel	van den	0	0	Bartholomeus	0				1730.0	0	1784	0	
237	242	1	Wall	van de	0	0	Pieter Hendrik	0				1737.0	0	1808	0	
238	243	1	Jonge	de	0	0	Willem	0				0.0	0	1604	0	
239	244	1	Lange	de	0	0	Gerrit Cornelisz.	0				1551.0	0	1636	0	Door prins Maurits uit de vroedschap gezet.
240	245	1	Groenewegen	van	0	0	Arlewijn	0				1591.0	0	1648	0	Voornaam ook: Aerlewijn
241	246	1	Lange	de	0	0	Cornelis Cornelisz.	0				0.0	0	0000	0	
242	247	1	Slingelandt	van	0	0	Barthout	1				1731.0	0	1798	0	
243	248	1	Bleyswijk	van	0	0	Ewout	0				1651.0	0	1723	0	
244	249	1	Steyn		0	0	Pieter	0				1706.0	0	1772	0	
245	250	1	Roo	de	0	0	Johan	0				1738.0	0	1792	0	
246	251	1	Bleyswijk	van	0	0	Franco	0				1644.0	0	1723	0	
247	252	1	Backus		0	0	Nicolaas	0				1741.0	0	1812	0	
248	253	1	Tets	van	0	0	Arnoldus Adrianus	0				1738.0	0	1792	0	
249	254	1	Bleyswijk	van	0	0	Hendrik	0				1628.0	0	1703	0	
250	255	1	Bleyswijk	van	0	0	Dirk	0				0.0	0	1631	0	
251	256	1	Druyvesteyn		0	0	FranÃ§ois Aernout	0				1703.0	0	1748	0	
252	257	1	Bruijn	de	0	0	Gijsbert Jan	0		Rijnsaterwoude		1708.0	0	1758	0	
253	258	1	Dijk	van	0	0	Carel	0				1712.0	0	1780	0	
254	259	1	Testart		0	0	Elbert	0				1712.0	0	1776	0	
255	260	1	ParvÃ©		0	0	Jan Frederik	0				1719.0	0	1787	0	
256	261	1	Camerling		0	0	Daniel Jan	0				1715.0	0	1767	0	
257	262	1	Stoop		0	0	Nicolaas	0				1620.0	0	1694	0	
258	263	1	Boogaert		0	0	Adriaen	0		Beloys		1634.0	0	1708	0	Lid Vroedschap van Delft in 1664-1672 (afgezet) en in 1679-xxxx
259	264	1	Huyghens		0	0	Joost	0				1723.0	0	1800	0	
260	265	1	Hogendorp	van	0	0	"Willem 


Willem Jan"	1				1715.0	0	1778	0	
261	266	1	Wilhem	le Leu de	0	0	Paul	0		Drongelen (1754)		1732.0	0	1781	0	
262	267	1	Meerman		0	0	Johan	0				1643.0	0	1724	0	
263	268	1	Patijn		0	0	Gijsbert Adriaan	0				1721.0	0	1790	0	
264	269	1	Clotterbooke jr.		0	0	Caspar	0				1720.0	0	1817	0	
265	270	1	Tromp		0	0	Harper	0				1627.0	0	1691	0	
266	271	1	Faber van Riemsdijk		0	0	Isebrandus Johannes	0				1746.0	0	1819	0	
267	272	1	Eckhart		0	0	Josias	0				1750.0	0	1798	0	
268	273	1	Bleyswijk	van	0	0	Abraham	0				1686.0	0	1761	0	
269	274	1	Dussen	van der	0	0	Arent	0				1681.0	0	1760	0	
270	275	1	Schuylenburch	van	0	0	Willem	0				1698.0	0	1755	0	
271	276	1	Acquet	d'	0	0	Hendrik	0				1692.0	0	1769	0	
272	277	1	Bleyswijk	van	0	0	Guillelmus	0				1701.0	0	1762	0	"Voornaam ook: Guilhelmus
Voornaam ook: Guiljaem"
273	278	1	Boogaert		0	0	Adriaan	0		Beloys		1693.0	0	1769	0	Voornaam ook: Adriaen
274	279	1	Lely	van der	0	0	Willem	0				1698.0	0	1772	0	
275	280	1	Pauw		0	0	Franco	0				1714.0	0	1776	0	
276	281	1	Gael		0	0	Jacob	0				1720.0	0	1780	0	
277	282	1	Heemskerck	van	0	0	Dirk	0				1711.0	0	1782	0	
278	283	1	Alderwerelt	van	0	0	Jan Carel	0				1726.0	0	1791	0	Voornamen ook: Joan Carel
279	284	1	Graswinckel		0	0	David	0				1732.0	0	1803	0	
280	285	1	Roo	de	0	0	Gaspar	0				1731.0	0	1788	0	
281	286	1	Lidth de Jeude	van	0	0	Thomas	0				1725.0	0	1811	0	
282	287	1	Verbrugge		0	0	Willem	0				1728.0	0	1817	0	
283	288	1	Royen	van	0	0	Hermannus Johannes	0				1742.0	0	1812	0	In 1787 korte tijd als vroedschapslid geremoveerd.
284	289	1	Cunaeus		0	0	Petrus	0				1706.0	0	1763	0	
285	290	1	Raet	de	0	0	Dirk	0				1691.0	0	1759	0	
286	291	1	Leyden	van	0	0	Diderik	1		Vlaardingen		1695.0	0	1764	0	
287	292	1	Buren	van	0	0	Hendrik	0				1711.0	0	1789	0	
288	293	1	Crucius		0	0	Adriaan	0				1718.0	0	1785	0	Voornaam ook: Abraham.
289	294	1	Hubrecht		0	0	Jan	0				1718.0	0	1794	0	
290	295	1	Schrevelius		0	0	Theodorus	0				1719.0	0	1785	0	
291	296	1	Steen	van den	0	0	Jacob Bartram	0		Colverschoten		1726.0	0	1793	0	
292	297	1	Leeuwen	van	0	0	Nicolaas	0				1735.0	0	1809	0	
293	298	1	Burch	van der	0	0	Jan Louis	0				1753.0	0	1819	0	
294	299	1	Berkhout	Teding van	0	0	Pieter Jacob	0				1752.0	0	1790	0	
295	300	1	Heusden	van	0	0	Adriaan	0				1739.0	0	0000	0	
296	301	1	Dedel		0	0	Salomon	0				1711.0	0	1774	0	
297	302	1	Bicker van Swieten		0	0	Gerard	0		Swieten	Baronnie, Kessel, Heien en Boecop.	1687.0	0	1753	0	
298	303	1	Boudaen		0	0	Gualterus Petrus	0				1704.0	0	1781	0	
299	304	1	Strijen	van	0	0	Jacob	0				1706.0	0	1756	0	
300	305	1	Court	de la	0	0	Pieter	0				1692.0	0	1772	0	
301	306	1	Warin		0	0	Anthoni	0				1712.0	0	1764	0	
302	307	1	Huyghens		0	0	Willem	0		Honkoop		1714.0	0	1786	0	
303	308	1	Huydecoper van Maarseveen		0	0	Jan Elias	0				1735.0	0	1808	0	
304	309	1	Geelvinck		0	0	Nicolaas	0		Stabroek		1732.0	0	1787	0	
305	310	1	Hope		0	0	John	0		Nederhorst den Berg	's-Gravenambacht	1737.0	0	1784	0	
306	311	1	Beels		0	0	Marten Adriaan	0				1728.0	0	1789	0	
307	312	1	Goes	van der	0	0	Franc	0				1737.0	0	1801	0	
308	313	1	Groenendijk	van	0	0	Adriaan	0				1691.0	0	1768	0	Geslachtsnaam ook: Groenendijck
309	314	1	Zeebergh	van	0	0	Tieleman	0				1690.0	0	1754	0	
310	315	1	Quarles		0	0	Lodewijk	0				1719.0	0	1781	0	
311	316	1	Burch	van der	0	0	Aelbrecht	0				1718.0	0	1783	0	
312	317	1	Mey	de	0	0	FranÃ§ois	0		Nieuwlekkerland	Limmen	1726.0	0	1797	0	
313	318	1	Twent		0	0	Adriaan Pieter	0		Raaphorst		1745.0	0	1816	0	
314	319	1	Noortbergh		0	0	Johannes	0		Bleskensgraaf		1732.0	0	1792	0	
315	320	1	Schepers		0	0	Willem	0				1684.0	0	1750	0	
316	321	1	Baelde		0	0	Pieter	0				1711.0	0	1763	0	
317	322	1	Cordelois		0	0	Jan	0		Wiltenburg		1722.0	0	1780	0	
318	323	1	Hogendorp	van	0	0	Willem	0				1735.0	0	1784	0	
319	324	1	Staal	van der	0	0	Claudius	0				1737.0	0	1796	0	
320	325	1	Goes	van der	0	0	Philip Jacob	0				1728.0	0	1789	0	Op 30 januari 1788 uit de vroedschap ontslagen.
321	326	1	Cattenburch	van	0	0	Dirk Lodewijk	0				1737.0	0	1800	0	
322	327	1	Weveringh		0	0	Anthony	0		Holy		1649.0	0	1720	0	
323	328	1	Beresteyn van Hoffdijck	van	0	0	Zacharias	0		Middelharnis en Oostmoer		1623.0	0	1679	0	Geslachtsnaam ook: Hoffdijck van Beresteyn
324	329	1	Bleyswijk	van	0	0	Diderik	0		Eethen, Meeuwen en BabiloniÃ«nbroek		1711.0	0	1763	0	
325	330	1	Hemert	van	0	0	Johan Maurits	0		Eethen, Meeuwen en BabyloniÃ«nbroek		1692.0	0	1753	0	
326	331	1	Schuylenburch	van	0	0	Hendrik	0				1695.0	0	1768	0	
327	332	1	Daey		0	0	Adriaan Maarten	0				1724.0	0	1798	0	
328	333	1	Bleyswijk	van	0	0	Abraham	0				1735.0	0	1795	0	
329	334	1	Schuylenburch	van	0	0	Dionys Hendrik	0				1736.0	0	1805	0	
330	335	1	Toulon	van	0	0	Lodewijk	0				1745.0	0	0000	0	
331	336	1	Hannes	van Thije	0	0	Johan Abraham	0				1743.0	0	1829	0	
332	337	1	Verboom		0	0	Thomas Dolegius Adriaan	0				1747.0	0	0000	0	
333	338	1	Gennep	van	0	0	Johannes	0				1745.0	0	1805	0	
334	339	1	Mispelblom Beijer		0	0	Jacob	0				1696.0	0	1757	0	
335	340	1	Vinck		0	0	Arent	0				1709.0	0	1794	0	
336	341	1	Schagen	van	0	0	Pieter	0				0.0	0	1766	0	
337	342	1	Tromer		0	0	Isaac	0				1721.0	0	1796	0	
338	343	1	Elias		0	0	Gerbrand	0				1699.0	0	1755	0	
339	344	1	Nooten	van	0	0	Jan	0				1715.0	0	1760	0	
340	345	1	Peursum	van	0	0	Gijsbert	0				1686.0	0	1760	0	
341	346	1	Warry		0	0	George Marcus	0				1710.0	0	1765	0	
342	347	1	Sandra		0	0	Albertus Johannes	0				1727.0	0	0000	0	
343	348	1	Preuyt		0	0	Jan	0				1729.0	0	1800	0	
344	349	1	Gevaerts		0	0	Ocker	0				1731.0	0	1799	0	
345	350	1	Verwer		0	0	Cornelis Hendricksz.	0				1630.0	0	1691	0	Was lid van de vroedschap in 1670-1672 en in 1684-1691
346	351	1	Benningbroek		0	0	Johannes	0				1694.0	0	1752	0	Was lid van de vroedschap in 1722-1749 en in 1751-1752.
347	352	1	Sijms		0	0	Adriaan	0				1621.0	0	1686	0	
348	353	1	Baert		0	0	Willem	0				1636.0	0	1684	0	
349	354	1	Does	van der	0	0	Dirck	0				1642.0	0	1693	0	
350	355	1	Schagen		0	0	Adriaan	0				1633.0	0	1699	0	Voornaam ook: Adriaen
351	356	1	Egmond van de Nijenburgh	van	0	0	Gerard	1	Jonkheer	Petten		1646.0	0	1712	0	
352	357	1	Egmond van de Nijenburgh	van	0	0	Willem	1	Jonkheer			1654.0	0	1728	0	
353	358	1	Teylingen	van	0	0	Floris	1	Jonkheer			1658.0	0	1728	0	
354	359	1	Baert		0	0	Joan	0				1651.0	0	1712	0	
355	360	1	Assendelft		0	0	Simon	0				1645.0	0	1722	0	Voornaam ook: Sijmon
356	361	1	Oudensteyn	van	0	0	Jacob	0				1650.0	0	1735	0	
357	362	1	Schagen		0	0	Jan	0				1666.0	1	1725	0	
358	363	1	Daey Jr.		0	0	Hendrick	0				1679.0	0	1735	0	Voornaam ook: Hendrik
359	364	1	Mieden	van der	0	0	Aris	0				1665.0	0	1739	0	
360	365	1	Saskerus		0	0	Theodorus	0				1688.0	1	1762	0	
361	366	1	Eijck	van	0	0	Cornelis	0				1680.0	0	1751	0	
362	367	1	Ras		0	0	Emanuel	0				1694.0	0	1761	0	
363	368	1	Kloek		0	0	Gerard	0				1703.0	0	1760	0	Voornaam ook: Gerrit
364	369	1	Hooghcamer	Lycochthon	0	0	Jacob	0				1697.0	0	1763	0	
365	370	1	Menssingh		0	0	Johannes	0				1700.0	0	1775	0	
366	371	1	Elias		0	0	Cornelis	0				1696.0	0	1765	0	
367	372	1	Carpentier	de	0	0	Jan Hendrik	0				1709.0	0	1777	0	
368	373	1	Ouwens		0	0	Pieter	0				1720.0	0	1786	0	
369	374	1	Foreest	van	0	0	Dirk	0		Schoorl		1729.0	0	1782	0	
370	375	1	Kloek		0	0	Willem Jacob	0				1733.0	0	1811	0	
371	376	1	Binkhorst		0	0	Pieter	0				1740.0	0	1810	0	
372	377	1	Homrigh	van	0	0	Isaac	0				1753.0	0	1826	0	
373	378	1	Rooleeuw l'Epie		0	0	Dirk	0				1734.0	0	0000	0	
374	379	1	Fabricius		0	0	Willem	0		Santhorst, Almkerk, Sandwijk, Uppel en Doorn		1709.0	0	1749	0	
375	380	1	Fabricius		0	0	Willem	0		Santhorst (1694)	Saalhoven	1642.0	0	1708	0	[Nam in 1704 ontslag als vroedschap]
376	381	1	Fabricius		0	0	Albert	0		Almkerk, Sandwijk, Uppel en Doorn		1676.0	0	1736	0	
377	382	1	Fabricius		0	0	Arent Meyndertz.	0				1547.0	0	1624	0	Voornamen ook: Arend Meindertz.
378	383	1	Fabricius		0	0	Arent	0				1609.0	0	1645	0	
379	384	1	Pauw		0	0	Franco	0				1661.0	0	1724	0	
380	385	1	Thierens		0	0	Nicolaes	0				1686.0	0	1722	0	
381	386	1	Thierens		0	0	Gerard	0				1676.0	0	1738	0	
382	387	1	Heim	van der	0	0	Anthony	0				1653.0	0	1714	0	
383	388	1	Kinschot	van	0	0	Gasper	0				1522.0	0	1603	0	
384	389	1	Dedel		0	0	Johan	0				1588.0	0	1665	0	Geslachtsnaam ook: d'Edel
385	390	1	Vallensis		0	0	Jacob	0		Middelharnis		1646.0	0	1725	0	
386	391	1	Kinschot		0	0	Gaspar	0				1592.0	0	1654	0	
387	392	1	Meerman		0	0	Dirk Gerritz.	0				0.0	0	1631	0	
388	393	1	Graeff	van der	0	0	Aelbrecht	0				1606.0	0	1684	0	Voornaam ook: Albert
389	394	1	Dussen	van der	0	0	Pieter Ewoutsz.	0				1632.0	0	1703	0	
390	395	1	Beaumont	van	0	0	Simon	0				1640.0	0	1726	0	Hij werd in 1673 naast zijn vader aangesteld als secretaris.
391	396	1	Jonge van Ellemeet	de	0	0	Cornelis	0		Ellemeet, Hodenpijl en Sint Maartensrecht		1646.0	0	1721	0	
392	397	1	Veer	de	0	0	Johan	0		Callantsoog		1640.0	0	1716	0	
393	398	1	Bije	de	0	0	Nicolaes	0				1610.0	0	1675	0	
394	399	1	Dierkens		0	0	Salomon	0				1641.0	0	1703	0	
395	400	1	Gael		0	0	Johan	0				1672.0	0	1731	0	
396	401	1	Kinschot	van	0	0	Anthony Gunther	0				1637.0	0	1700	0	
397	402	1	Boeij		0	0	Cornelis	0				1686.0	0	1759	0	
398	403	1	Strijen	van	0	0	Quirijn	0				1648.0	0	1719	0	
399	404	1	Goes	van der	0	0	Franc	0				1687.0	0	1767	0	Voornaam ook: Franco
400	405	1	Wilhem	le Leu de	0	0	DaniÃ«l Adriaan	0		Waalwijk, Besoyen, Berlicum, Middelrode, Caathoven		1737.0	0	1766	0	
401	406	1	Wilhem	le Leu de	0	0	Maurits	0		Waalwijk (1712)		1643.0	0	1724	0	
402	407	1	Wilhem	le Leu de	0	0	David	0				1588.0	0	1658	0	
403	408	1	Kinschot	van	0	0	Roeland	0		Kinschot (1670)		1624.0	0	1701	0	
404	409	1	Persijn	van	0	0	Willem	0				1655.0	0	1733	0	
405	410	1	Perponcher Sedlnitsky	de	0	0	Jacob Arent	1		Ellewoutsdijk, Wolfaartsdijk, Everinge etc (1733)		1692.0	0	1761	0	
406	411	1	Schott		0	0	Johan	0				1674.0	0	1740	0	"Voornaam ook: Joan
Voornaam ook: Jan
Geslachtsnaam ook: Scott
Geslachtsnaam ook: Schot"
407	412	1	Hoeufft		0	0	Henrik	0				1747.0	0	1823	0	
408	413	1	ParvÃ©	Steyn	0	0	DaniÃ«l Jan	0				1757.0	0	1831	0	
409	414	1	Lodensteijn	van	0	0	Evert	0				1599.0	0	1668	0	Voornaam ook: Everardt
410	415	1	Schilperoort		0	0	Robrecht	0				0.0	0	1614	0	
411	416	1	Burch	van der	0	0	Hendrik Aemsz	0				0.0	0	1591	0	Geslachtsnaam ook: Van der Burgh
412	417	1	Meerman		0	0	Frans	0				1590.0	0	1657	0	Voornaam ook: FranÃ§ois
413	418	1	Santen	Duyst van	0	0	Willem Fransz.	0				0.0	0	1610	0	<< Vermoedelijk afwisselend met Hendrik Dirksz van Santen GR in periode 1597-1608. Nog in Delft naspeuren.>>
414	419	1	Steelant	van	0	0	Johan Frederik	0				1730.0	0	1785	0	
415	420	1	Rijgersbos		0	0	Anthony Jan	0				1748.0	0	1789	0	Geslachtsnaam ook: Rijgersbosch
416	421	1	Vechtersz.		0	0	Hendrick	0				1555.0	0	1621	0	Geslachtsnaam ook: Vechterszoon (van Teffelen)
417	422	1	Fabricius		0	0	Willem	0				1613.0	0	1661	0	
418	423	1	Schatter		0	0	Ysbrant	0				1622.0	0	1683	0	
419	424	1	Schatter		0	0	Pieter	0				1650.0	0	1718	0	
420	425	1	Hoogtwoud		0	0	Joan	0				0.0	0	1684	0	Geslachtsnaam ook: Hoogwoud.
421	426	1	Merens		0	0	Meijndert	0				1622.0	0	1681	0	
422	427	1	Luyts		0	0	Pieter Jansz.	0					0		0	
423	428	1	Suchtelen	van	0	0	Dirck	0					0		0	
424	429	1	Coninck		0	0	Nicolaas	0				0.0	0	1696	0	
425	430	1	Bredehoff	van	0	0	FranÃ§ois	0		Pijlsweert (1682)	Oosthuizen, Etershem, Hobrede, Schardam, Kwadijk (1686)	1648.0	0	1721	0	
426	431	1	Graaff	van der	0	0	Pieter	0				1648.0	0	1708	0	
427	432	1	Merens		0	0	Allard	0				1663.0	0	1716	0	Voornaam ook: Albert.
428	433	1	Wybo		0	0	Jacob Josias	0				1652.0	0	1719	0	
429	434	1	Velius		0	0	Cornelis	0				1651.0	0	1717	0	
430	435	1	Hoogtwoud		0	0	Joan	0				0.0	0	1712	0	Geslachtsnaam ook: Hoogwoud.
431	436	1	Vicq	de	0	0	Gerbrant	0				1674.0	0	1712	0	
432	437	1	Velius		0	0	Cornelis Dzn.	0				1675.0	0	1739	0	
433	438	1	Boterpot		0	0	Joan	0				0.0	0	1720	0	
434	439	1	Opperdoes		0	0	Pieter	0				0.0	0	1730	0	
435	440	1	Abbekerk		0	0	Floris	0				1674.0	0	1748	0	
436	441	1	Akerlaken	van	0	0	Cornelis Christoffel	0				1694.0	0	1769	0	
437	442	1	Vrij	de	0	0	Nicolaas	0				1670.0	0	1751	0	
438	443	1	Foreest	van	0	0	Cornelis	0		Schoorl	Camp (1743)	1704.0	0	1761	0	
439	444	1	Gerlings		0	0	Willem	0				1696.0	0	1766	0	[Geremoveerd in 1748]
440	445	1	Six		0	0	Willem	0				1692.0	0	1757	0	
441	446	1	Honert	van den	0	0	Johan	1				1682.0	0	1743	0	
442	447	1	Gerlacius		0	0	Johan Herman	0		Stedum en Nittersum (1762)		1717.0	0	1774	0	Voornamen ook: Jan Herme
443	448	1	Eck	van	0	0	Lambert Engelbert	0				1754.0	0	1803	0	Voornamen ook: Lambertus Engelbert
444	449	1	Stralen	van	0	0	Hendrik	0				1751.0	0	1822	0	Geslachtsnaam ook: Mossel van Stralen.
445	450	1	Buteux		0	0	Nicolaas Jacob	0				1735.0	0	1797	0	
446	451	1	Swellengrebel		0	0	Johan Hendrik	0				1757.0	0	1842	0	
447	452	1	Haer	van der	0	0	Bonifacius	0				1663.0	0	1734	0	
448	453	1	Berkhout		0	0	Herman	0				1702.0	0	1761	0	
449	454	1	Verschuer		0	0	FranÃ§ois Adriaan	0				1700.0	0	1771	0	
450	455	1	Binkhorst		0	0	Pieter	0				1700.0	0	1777	0	
451	456	1	Hellingman		0	0	Lambertus	0				1732.0	0	1781	0	
452	457	1	Foreest	van	0	0	Nanning	0				1740.0	0	1788	0	
453	458	1	Bredehoff	van	0	0	Joan	0		Pijlsweert (1749-1762)	Oosthuizen (1762)	1729.0	0	1795	0	
454	459	1	Opperdoes		0	0	Pieter	0				1735.0	0	1803	0	
455	460	1	Gent	van	0	0	Joan	0				1630.0	0	1706	0	Voornaam ook: Johan.
456	461	1	Ham		0	0	Johan	0				1621.0	0	1677	0	
457	462	1	Admiraal		0	0	Dirck	0				0.0	0	1691	0	
458	463	1	Vries	de	0	0	Joan	0				1634.0	0	1689	0	
459	464	1	Proost		0	0	Walich	0				1625.0	0	1709	0	
460	465	1	Compostel		0	0	Jacob	0				1643.0	0	1693	0	
461	466	1	Mossel		0	0	Meynard	0				1627.0	0	1712	0	
462	467	1	Hagha		0	0	Joan	0				1653.0	0	1714	0	
463	468	1	Haak		0	0	Simon	0				1632.0	0	1705	0	
464	469	1	Moeskoker		0	0	Gerard	0				1646.0	0	1713	0	
465	470	1	Verbruggen		0	0	Joan	0				1655.0	0	1728	0	
466	471	1	Loosen	van	0	0	Joan	0				1660.0	0	1724	0	Patroniem: Pzn.
467	472	1	Ris		0	0	Nicolaas	0				1663.0	0	1730	0	
468	473	1	Buyskes		0	0	Pieter	0				1666.0	0	1743	0	
469	474	1	Duyvensz		0	0	Augustinus	0				1664.0	0	1730	0	
470	475	1	Vossen	van	0	0	Pieter	0				1670.0	0	1727	0	
471	476	1	Baanman		0	0	Heero	0				1660.0	0	1744	0	
472	477	1	Kluppel		0	0	Andries	0				1695.0	0	1773	0	
473	478	1	Semeyns van Loosen		0	0	Dirk	0				1696.0	0	1757	0	
474	479	1	Appelman		0	0	Engel	0				1691.0	0	1765	0	
475	480	1	Minne		0	0	Jan	0				1683.0	0	1764	0	
476	481	1	Vossen	van	0	0	Andries	0				1694.0	0	1774	0	
477	482	1	Jong	de	0	0	Willem	0				1693.0	0	1767	0	
478	483	1	Hagha		0	0	Frederik	0				1684.0	0	1762	0	
479	484	1	Schaak	van	0	0	Andries	0				1700.0	0	1764	0	
480	485	1	Verbruggen		0	0	Frederik	0				1696.0	0	1776	0	
481	486	1	Bleyswijk	van	0	0	Adriaan	0				1709.0	0	1779	0	Geslachtsnaam ook: van Bleiswijk
482	487	1	Pan		0	0	Everard	0				1716.0	0	1794	0	
483	488	1	Som		0	0	Pieter	0				1703.0	0	1778	0	
484	489	1	Raarda		0	0	Hendrik	0				1719.0	0	1799	0	
485	490	1	Verschuer		0	0	Aarnoud Simon	0				1723.0	0	1806	0	
486	491	1	Jongh van Persijn	de	0	0	Anthony Jacob	0				1734.0	0	1790	0	
487	492	1	Vries	de	0	0	Nicolaas Hendrik	0				1729.0	0	1809	0	
488	493	1	Oossaanen		0	0	Dirck Outgersz.	0				0.0	0	1685	0	Geslachtsnaam ook: Oostzanen.
489	494	1	Pronk		0	0	Claes Hillebrandsz.	0				0.0	0	1681	0	
490	495	1	Groot		0	0	Pieter	0				0.0	0	1682	0	
491	496	1	Baan		0	0	Claas	0				1644.0	0	1700	0	
492	497	1	Pont		0	0	Frederik	0				1641.0	0	1703	0	
493	498	1	Wappers		0	0	Pouwels Jacobsz.	0				1635.0	0	1705	0	
494	499	1	Putoor		0	0	Heijn	0				1642.0	0	1702	0	
495	500	1	Brasker		0	0	Teunis	0				1646.0	0	1701	0	"Voornaam ook: Theunis
Patroniem: Jzn."
496	501	1	Buijsman		0	0	Reijer	0				0.0	0	1695	0	Patroniem: Clzn.
497	502	1	Veen		0	0	Pieter Jansz.	0				1629.0	0	1715	0	
498	503	1	Beets		0	0	Jurriaan	0				1658.0	0	1710	0	
499	504	1	Houttuijn		0	0	Anthonij	0				1660.0	0	1720	0	Patroniem: Jzn.
500	505	1	Wit		0	0	Thijs Bastiaanszn.	0				1655.0	0	1728	0	
501	506	1	Maasbergen		0	0	Daniel	0				1663.0	0	1723	0	Patroniem: Czn.
502	507	1	Blok		0	0	Volkert	0				1653.0	0	1714	0	
503	508	1	Dekker		0	0	Claas	0				1656.0	0	1729	0	Patroniem: Pzn.
504	509	1	Trom		0	0	Jacob	0				1658.0	0	1723	0	Patroniem: Szn.
505	510	1	Boot		0	0	Roelof	0				1684.0	0	1761	0	
506	511	1	Reijntjes		0	0	Frans	0				1698.0	0	1751	0	Patroniem: Jzn.
507	512	1	Houttuijn		0	0	Nicolaas	0				1695.0	0	1767	0	
508	513	1	Pont		0	0	Boudewijn	0				1685.0	0	1753	0	
509	514	1	Leoninus		0	0	Johannes	0				1711.0	0	1778	0	
510	515	1	Kaatjes		0	0	Jan	0				1699.0	0	1760	0	
511	516	1	Bost		0	0	Nicolaas	0				1706.0	0	1766	0	Patroniem: Jzn.
512	517	1	Teengs		0	0	Anthonij	0				1713.0	0	1796	0	
513	518	1	Horn		0	0	Jacob	0				1712.0	0	1782	0	
514	519	1	Ley	van der	0	0	Vincent	0				1732.0	0	1802	0	
515	520	1	Lakeman		0	0	Gerrit Jacob	0				1733.0	0	1805	0	
516	521	1	Ketel		0	0	Jan	0				0.0	0	1697	0	
517	522	1	Baen		0	0	Jacob Adriaensz.	0				1610.0	1	1701	0	Geslachtsnaam ook: Baan.
518	523	1	Sanen	van	0	0	Pieter	0				1627.0	0	1682	0	
519	524	1	Thamis		0	0	Jan	0				1626.0	0	1692	0	Patroniem: Fransz.
520	525	1	Rijser		0	0	Reijnier	0				0.0	0	1688	0	
521	526	1	Houtingh		0	0	Nicolaas	0				0.0	0	1689	0	
522	527	1	Sluijs		0	0	Jacob	0				0.0	0	1691	0	
523	528	1	Berkhout	Teding van	0	0	Joan	0		Sliedrecht		1648.0	0	1720	0	
524	529	1	Houtingh Wzn.		0	0	Pieter	0				0.0	0	1699	0	
525	530	1	Houtingh Pzn.		0	0	Pieter	0				0.0	0	1695	0	
526	531	1	Poel	van der	0	0	Jan	0				0.0	0	1717	0	
527	532	1	Ketel		0	0	Jacob	0				0.0	0	1732	0	Patroniem: Jzn.
528	533	1	Sanen	van	0	0	Arent	0				1660.0	0	1716	0	
529	534	1	Baen		0	0	Pieter	0				0.0	0	1705	0	
530	535	1	Pereboom		0	0	Arent	0				1661.0	1	1728	0	
531	536	1	Sijes		0	0	Jan	0				1655.0	1	1707	0	
532	537	1	Sluijs		0	0	Jan	0				0.0	0	1711	0	
533	538	1	Bloem		0	0	Claes	0				0.0	0	1716	0	Patroniem: Czn.
534	539	1	Maclaine		0	0	Charles Anthony	0				1760.0	0	0000	0	Voornamen ook: Carel Antoni
535	540	1	Kempenaer	de	0	0	Johan	0				1707.0	0	1771	0	Voornaam ook: Johannes
536	541	1	Snels		0	0	Mattheus	0				0.0	0	1672	0	
537	542	1	Does	van der	0	0	Pieter	0				1646.0	0	0000	0	
538	543	1	Doudijns		0	0	Huybert	0				1628.0	0	1680	0	
539	544	1	Olycan		0	0	Pieter	0				1572.0	0	1658	0	Geslachtsnaam ook: Olican
540	545	1	Osdorp		0	0	Thymon	0				0.0	0	1668	0	"Geslachtsnaam ook: Oosdorp
Voornaam ook: Tijman"
541	546	1	Slingelandt	van	0	0	Johan Diederik	1		Crabbenhof		1703.0	0	1757	0	
542	547	1	Roos		0	0	Jan	0				0.0	0	1717	0	
543	548	1	Berkhout	Teding van	0	0	Jacob	0				1687.0	0	1729	0	
544	549	1	Teengs		0	0	Nicolaas	0				1688.0	0	1752	0	
545	550	1	Drebbel		0	0	Albert	0				1683.0	1	1748	0	
546	551	1	Tijssen		0	0	Claas	0				1690.0	1	1752	0	
547	552	1	Houtingh		0	0	Willem	0				1698.0	0	1763	0	
548	553	1	Braer		0	0	Cornelis	0				1699.0	0	1767	0	
549	554	1	Houtingh		0	0	Nicolaas	0				1706.0	0	1772	0	
550	555	1	Boon		0	0	Dirk	0				1695.0	0	1759	0	
551	556	1	Bruijn		0	0	Nicolaas	0				1729.0	0	1790	0	
552	557	1	Dalen	van	0	0	Frans	0				1737.0	0	1776	0	
553	558	1	Mostert		0	0	Willem	0				1723.0	0	1790	0	
554	559	1	Leeuw	de	0	0	Dirk	0				1739.0	0	1812	0	
555	560	1	Claus		0	0	Dirk	0				1734.0	0	1800	0	
556	561	1	Houtingh		0	0	Pieter	0				1736.0	0	1791	0	Patroniem: Wzn.
557	562	1	Hoogtwoud		0	0	Jacob	0				0.0	0	1681	0	Geslachtsnaam ook: Hoogwoud.
558	563	1	Doncker		0	0	Evert	0				0.0	0	1682	0	
559	564	1	Wolff	van der	0	0	Ewoud	0				1634.0	1	1717	0	
560	565	1	Kaswijck		0	0	Adriaan	0				1624.0	1	1705	0	
561	566	1	Brouwer		0	0	Nicolaas	0				1640.0	0	1700	0	
562	567	1	Brouwer		0	0	Albert Reijniersz.	0				1632.0	0	1690	0	
563	568	1	Lantman		0	0	Jacob Pietersz.	0				1615.0	0	1690	0	
564	569	1	Wallendal	van	0	0	Gaspar	0				1660.0	0	1713	0	
565	570	1	Verwer Hooghlant		0	0	Cornelis	0				1656.0	0	1702	0	
566	571	1	Cos		0	0	Josias	0				1664.0	0	1710	0	
567	572	1	Houttuijn		0	0	Dirk	0				1659.0	0	1744	0	Patroniem: Dzn.
568	573	1	Oostwouder		0	0	Nicolaas	0				1673.0	0	1738	0	
569	574	1	Kuijper		0	0	Jan	0				0.0	0	1719	0	Patroniem: Martszn.
570	575	1	Zee	de	0	0	Dirk	0				1667.0	0	1716	0	
571	576	1	Amelenbergh		0	0	Nicolaas	0				1664.0	0	1717	0	
572	577	1	Zee	de	0	0	Jan	0				1667.0	0	1733	0	Patroniem: Jzn.
573	578	1	Vaal		0	0	Jacob	0				1661.0	0	1725	0	
574	579	1	Backer		0	0	Claas	0				0.0	0	1725	0	Patroniem: Jbzn.
575	580	1	Spanjaard		0	0	Dirk	0				1671.0	0	1731	0	
576	581	1	Spiegelmaker		0	0	Jacob	0				1693.0	0	1759	0	
577	582	1	Moorenvliet		0	0	Cornelis	0				1680.0	0	1749	0	Patroniem: Wzn.
578	583	1	Maars		0	0	Simon	0				1695.0	0	1746	0	
579	584	1	Nobelingh		0	0	Jan Joseph	0				1710.0	0	1770	0	
580	585	1	Willigen	van	0	0	Carel Heinsius	0				1708.0	1	1770	0	Voornaam ook: Carel Heijnsius
581	586	1	Spaander		0	0	Pieter	0				1718.0	0	1800	0	
582	587	1	Rootjes		0	0	Cornelis	0				1718.0	0	1778	0	
583	588	1	Haasman		0	0	Nicolaas	0				1730.0	1	0000	0	
584	589	1	Moorenvliet		0	0	Cornelis	0				1726.0	0	1776	0	
585	590	1	Oldenbarneveld, genaamd Witte Tullingh	van	0	0	Hendrik Justus	0				1745.0	0	1795	0	
586	591	1	Erpecum	van	0	0	Willem	0				1677.0	0	1755	0	
587	592	1	Fagel		0	0	Cornelis Gerrit	0				1663.0	0	1746	0	
588	593	1	Fagel		0	0	Hendrik	0				1617.0	0	1690	0	Voornaam ook: Hendrick
589	594	1	Beaumont	van	0	0	Herbert	0				1607.0	0	1679	0	
590	595	1	Minninghen	van	0	0	Gerard	0				1733.0	0	1805	0	
591	596	1	Repelaer		0	0	Anthony	0				1649.0	0	1725	0	
592	597	1	Repelaer		0	0	Anthony	0				1689.0	0	1746	0	
593	598	1	Roovere	de	0	0	Cornelis	0		West-Barendrecht		1648.0	0	1706	0	
594	599	1	Druyvesteyn		0	0	Jacob	0				1612.0	0	1691	0	
595	600	1	 Druyvesteyn		0	0	Aernout	0				1641.0	0	1698	0	
596	601	1	Wormer		0	0	Garbrant	0				1618.0	0	1684	0	
597	602	1	Laeckeman		0	0	Thijs Gerritsz.	0				0.0	0	1708	0	
598	603	1	Melcknap		0	0	Claes Jansz.	0				0.0	0	1692	0	
599	604	1	Ruijtenburgh	van	0	0	Gerard Constantijn	0				1640.0	0	1701	0	
600	605	1	Brouwer		0	0	Gerrit	0				0.0	0	1699	0	Patroniem: Clzn.
601	606	1	Del		0	0	Jan	0				0.0	0	1694	0	Patroniem: Clzn.
602	607	1	Cocq		0	0	Jacob	0				0.0	0	1713	0	
603	608	1	Wormer		0	0	Jacob	0				1642.0	0	1708	0	
604	609	1	Peereboom		0	0	Pieter	0				1651.0	0	1735	0	
605	610	1	Del		0	0	Claes	0				1655.0	0	1728	0	Patroniem: Clzn.
606	611	1	Munnick		0	0	Hendrick	0				1677.0	0	1740	0	Voornaam ook: Hendrik
607	612	1	Ruijtenburgh	van	0	0	Reijnier Gerard	0				1668.0	0	1718	0	
608	613	1	Spoors		0	0	IJsbrand	0				0.0	0	1716	0	Patroniem: Pzn.
609	614	1	Bel		0	0	Aris	0				1684.0	0	1737	0	
610	615	1	Louwen		0	0	Claas	0				1703.0	0	1779	0	
611	616	1	Wormer		0	0	Claas	0				1673.0	0	1740	0	
612	617	1	Pet		0	0	Olphert	0				1707.0	0	0000	0	
613	618	1	Backer		0	0	Hendrik	0				1685.0	0	1760	0	"Geslachtsnaam ook: Bakker
Patroniem: Pzn."
614	619	1	Neck	van	0	0	Willem	0				1713.0	0	1777	0	
615	620	1	Blijdenbergh		0	0	Willem	0				0.0	0	1775	0	
616	621	1	Molenaar		0	0	Pieter	0				1706.0	0	1764	0	
617	622	1	Koel		0	0	Cornelis	0				1727.0	0	1787	0	
618	623	1	Appel		0	0	Simon	0				1739.0	0	1792	0	
619	624	1	Tamboer		0	0	Hermanus	0				1729.0	0	1807	0	
620	625	1	Wormer		0	0	Jacob	0				1760.0	0	1831	0	
621	626	1	Wilhem	le Leu de	0	0	David	0		Waalwijk	Berlicum, Middenrode en Kaathoven (1717)	1689.0	0	1762	0	
622	627	1	Hartman		0	0	Nicolaas Willem	0				1746.0	0	1809	0	
623	628	1	Drijfhout		0	0	Antoni Gerard	0				1747.0	0	1821	0	Voornamen ook: Anthony Gerard
624	629	1	Engelsman		0	0	Jan Jansz.	0					0		0	
625	630	1	Soop		0	0	Cornelis Cornelisz.	0					0		0	
626	631	1	Banchem	van	0	0	Cornelis	0				1685.0	0	1751	0	
627	632	1	Goutvelt		0	0	Jan Jaspersz.	0				1551.0	1	1616	0	
628	633	1	Muylwijk	van	0	0	Boudewijn Willemsz.	0				1550.0	1	1625	0	"Geslachtsnaam ook: Muylwijck.
Voornaam ook: Boudewyn"
629	634	1	Vroesen		0	0	Cornelis Pietersz.	0				0.0	0	1620	0	
630	635	1	Vlooswijk	van	0	0	Barthout Gerritsz.	0				0.0	0	1626	0	Geslachtsnaam ook: Vlooswijck. Voornaam ook: Berthout
631	636	1	Busch		0	0	Pieter Lenertsz.	0				0.0	0	1606	0	
632	637	1	Musch		0	0	Jan Jacobsz.	0				0.0	0	1610	0	
633	638	1	Jongeneel		0	0	Cornelis Cornelisz.	0				1543.0	0	1632	0	Ook wel: Jongeneel De Oude.
634	639	1	Nobel		0	0	Hendrick Willemsz.	0				1568.0	0	1649	0	Voornaam ook: Hendrik
635	640	1	Driel	van	0	0	Cornelis Claasz.	0				0.0	0	1636	0	Voornaam ook: Claesz.
636	641	1	Groot	de	0	0	Hugo	0				1583.0	0	1645	0	
637	642	1	Dullaert		0	0	Abraham Pietersz.	0				0.0	0	1653	0	
638	643	1	Goutswaert		0	0	Pieter Hendriksz.	0				0.0	0	1645	0	Voornaam ook: Hendricksz.
639	644	1	Wielick	van	0	0	Harmen Mathijsz.	0				0.0	0	1646	0	Voornaam ook : Mathysz.
640	645	1	Reus	de	0	0	Abraham Jansz.	0				1570.0	0	1637	0	
641	646	1	Hogendorp	van	0	0	DaniÃ«l	0		Moercapelle en Wilde Venen		0.0	0	1673	0	
642	647	1	Reus	de	0	0	Johan Abrahamsz.	0				0.0	0	1685	0	
643	648	1	Meyden	van der	0	0	Johan	0		Sleeuwijck		0.0	0	1677	0	
644	649	1	Navander		0	0	Jacob	0				1606.0	0	1661	0	
645	650	1	Berckel	van	0	0	Johan	0				1592.0	0	1678	0	
646	651	1	Goeree	van	0	0	Willem	0				1620.0	0	1672	0	Geslachtsnaam ook: Goedereede
647	652	1	Boon		0	0	Adriaen	0				0.0	0	1667	0	
648	653	1	Horst	van der	0	0	Ewout	0				0.0	0	0000	0	
649	654	1	Kievit		0	0	Johan	0				0.0	0	1692	0	Lid vroedschap Rotterdam: 1659-1666 en 1672-1685
650	655	1	Aa	van der	0	0	Willem	0				1620.0	0	1678	0	
651	656	1	Pesser		0	0	Johan	0				0.0	0	1678	0	
652	657	1	Voorburgh		0	0	Jacob	0				0.0	0	1675	0	Deed op 22 augustus 1672 afstand van zijn vroedschapsambt.
653	658	1	Punt		0	0	Thomas	0				1634.0	0	1673	0	
654	659	1	Naerssen	van	0	0	Revixit	0				1643.0	0	1690	0	
655	660	1	Mey	de	0	0	Jean	0		IJsselmonde		1633.0	0	1721	0	
656	661	1	Roosmale		0	0	Dominicus	0				0.0	0	1689	0	
657	662	1	Massis		0	0	Johan	0				0.0	0	1701	0	
658	663	1	Bois	du	0	0	Franco	0				1636.0	0	1707	0	
659	664	1	Vethuysen		0	0	Isaak	0				1642.0	0	1703	0	Voornaam ook: Isaack
660	665	1	Zuylen van Nyevelt	van	0	0	Jacob	0				1642.0	0	1695	0	
661	666	1	Backer		0	0	Laurens	0				1664.0	0	1704	0	
662	667	1	Beijer		0	0	Jean	0				0.0	0	1713	0	Geslachtsnaam ook: Beyer
663	668	1	Groeninx		0	0	Marinus	0				1655.0	0	1730	0	
664	669	1	Noordhey		0	0	DaniÃ«l	0				1670.0	0	1721	0	
665	670	1	Roosmale		0	0	Adriaan	0				1662.0	0	1740	0	Voornaam ook: Adriaen
666	671	1	Neyn	de	0	0	Johan	0				1669.0	0	1732	0	
667	672	1	Ysbrands		0	0	Jacob	0				1665.0	0	1749	0	
668	673	1	Berckel	van	0	0	Johan	0				1668.0	0	1740	0	
669	674	1	Boon		0	0	Adriaan	0		Molenaarsgraaf, Giessen en Steenhuysen		1683.0	0	1728	0	
670	675	1	Raedt	de	0	0	Gualterus	0		Dubbeldam en Kyfhoek		1683.0	0	1740	0	Voornaam ook: Gualtherus
671	676	1	Teylingen	van	0	0	Theodorus	0				1689.0	0	1768	0	
672	677	1	Hogendorp	van	0	0	Diederik Johan	1		Hofwegen, Tilburg en Goirle		1697.0	0	1744	0	
673	678	1	Styrum	van	0	0	Anthony	0				1679.0	0	1756	0	[Nam ontslag als vroedschap in 1748]
674	679	1	Steyn		0	0	Adriaan	0				1681.0	0	1734	0	
675	680	1	Steyn		0	0	Mattheus	0				1619.0	0	1680	0	
676	681	1	Thilt	van	0	0	Johan	0				0.0	0	1679	0	
677	682	1	Duyst van Voorhout		0	0	Joost	0				0.0	0	1659	0	
678	683	1	Glarges	de	0	0	Anthony	0				0.0	0	1723	0	
679	684	1	Broek	van den	0	0	Pieter	0				0.0	0	1761	0	
680	685	1	Hoorn	van	0	0	Nicolaas Hendrik	0				1716.0	0	1783	0	
681	686	1	Huygensz		0	0	Rutger	0				0.0	0	0000	0	Geslachtsnaam ook: Huygensz. Blomvliet
682	687	1	Bleyswijk	van	0	0	Adriaan	0				1643.0	0	1708	0	
683	688	1	Haer	van der	0	0	Jan	0				1609.0	0	1665	0	Voornaam ook: Johan
684	689	1	Fagel		0	0	Benjamin	0		Ter Meer		1642.0	0	1705	0	
685	690	1	Pauw		0	0	Engelbert	0				1656.0	0	1687	0	
686	691	1	Couwenhoven	van	0	0	Cornelis	0				1632.0	0	1692	0	
687	692	1	Vries	de	0	0	Johan	0				1609.0	0	1677	0	
688	693	1	Sonmans		0	0	Arent	0				0.0	0	1683	1	Geslachtsnaam ook: Sonnemans
689	694	1	Timmers		0	0	Paulus	0				1622.0	0	1692	0	
690	695	1	Bichon		0	0	Jean	0		Oost-en West-IJsselmonde		1716.0	0	1801	0	
691	696	1	Crap	Abbekerk	0	0	Joan	0				1706.0	0	1778	0	
692	697	1	Wassenaer van Spanbroek	van	0	0	Willem Frederik Hendrik	1		Spanbroek, de beide Katwijken, 't Zand, Valkenburg		1752.0	0	1799	0	
693	698	1	Veen	van	0	0	Jacob	0				1701.0	0	1752	0	
694	699	1	Mieden	van der	0	0	Aris	0				1726.0	0	1792	0	
695	700	1	Cluyt		0	0	Dirck	0				0.0	0	0000	0	"Voornaam ook: Dirk.
Geslachtsnaam ook: Cluydt.
Geslachtsnaam ook Kluyt."
696	701	1	Vredenrijk	van	0	0	Adriaen Jansz.	0				0.0	0	0000	0	
697	702	1	Botter		0	0	Gijsbrecht	0				1630.0	1	0000	0	Voornaam ook: Gijsbert.
698	703	1	Croeff	van de	0	0	Johan	0				0.0	0	1673	0	"Voornaam ook: Jan.
Geslachtsnaam ook: Van der Kroef"
699	704	1	Arckel	van	0	0	Hugo	0		Crayestijn		1630.0	1	1706	0	Geslachtsnaam ook: Van Erkel
700	705	1	Hoola		0	0	Dirck	0				0.0	0	1701	0	Geslachtsnaam ook: Hola
701	706	1	Woel		0	0	Cornelis	0				0.0	0	1720	0	Geslachtsnaam ook: Woell
702	707	1	Putten	van der	0	0	Johan	0				0.0	0	1715	0	Voornaam ook: Jan
703	708	1	Huysman		0	0	Gerard	0				0.0	0	1727	0	
704	709	1	Wijkerhelt		0	0	Maximiliaan	0				0.0	0	1724	0	
705	710	1	Vesanevelt	van	0	0	Johan	0				0.0	0	0000	0	Patroniem: Dircksz.
706	711	1	Bosch	van den	0	0	Gerard	0				1691.0	0	1751	0	
707	712	1	Lier	van	0	0	Willem	1		Beide Catwijken en 't Zand		0.0	0	1735	0	
708	713	1	Scheltus		0	0	Otto	0				1700.0	0	1758	0	
709	714	1	Onderwater		0	0	Mattheus	0				1726.0	0	1809	0	
710	715	1	Onderwater		0	0	Abraham Hendrik	0				1729.0	0	1817	0	
711	716	1	Santheuvel	van den	0	0	Pieter	0		Driel		1732.0	0	1799	0	
712	717	1	Steenis		0	0	Zacharias	0		t Huis te Cleef		1717.0	0	1778	0	
713	718	1	Vermeulen		0	0	Pieter	0		Herwijnen		1732.0	0	1810	0	
714	719	1	Lestevenon		0	0	Willem Anne	0		Hazerswoude		1750.0	0	1816	0	
715	720	1	Boesses		0	0	Adriaan	0		Leeuwen en Puifelick		1742.0	0	0000	0	
716	721	1	Weveringh		0	0	Adriaan	0				1700.0	0	1768	0	
717	722	1	Schuyl		0	0	Nicolaas	0				1707.0	0	1776	0	
718	723	1	Schuylenburch	van	0	0	Abraham	0				1738.0	0	1814	0	
719	724	1	Velde	van de	0	0	Nicolaas	0				1697.0	0	1773	0	
720	725	1	Hubrecht		0	0	Jan	0				1718.0	0	1794	0	
721	726	1	Boetzelaer	van den	0	0	Nicolaas	1	Jonkheer	Dubbeldam en Kijfhoek		1718.0	0	1796	0	
722	727	1	Marcus		0	0	Pieter	0				1729.0	0	0000	0	
723	728	1	Romswinckel		0	0	Joost	0				1745.0	0	1824	0	
724	729	1	Reepmaker		0	0	Adriaan	0		Strevelshoek, Noordwaddinxveen en Sleeuwijk		1719.0	0	1780	0	
725	730	1	Lormier		0	0	Johan Willem	0		Kethel en Spaland		1716.0	0	1785	0	
726	731	1	Schellinger		0	0	Elias	0				1717.0	0	1772	0	
727	732	1	Bruyningh		0	0	Michiel	0				1690.0	0	1773	0	
728	733	1	Heemskerck	van	0	0	Willem	1				1718.0	0	1784	0	
729	734	1	Hop		0	0	Jacob	1		La Lecq, Lekkerkerk en Zuidbroek		1728.0	0	1776	0	
730	735	1	Boreel		0	0	Willem	0				1744.0	0	1796	0	
731	736	1	Calkoen		0	0	Nicolaas	0		Kortenhoef		1753.0	0	1817	0	
732	737	1	Pui	du	0	0	Pieter	0				1710.0	0	1766	0	
733	738	1	Bleyswijk	van	0	0	Hugo Adriaan	0				1740.0	0	1821	0	
734	739	1	Blok		0	0	Anthony	0				1737.0	0	1821	0	
735	740	1	Baert		0	0	Adriaan	0		Cranenbrouck		1707.0	0	1763	0	
736	741	1	Steen	van der	0	0	Arent Jan	0				1712.0	0	1779	0	
737	742	1	Baert		0	0	Jacob	0		Cranenbrouck		1744.0	0	1796	0	
738	743	1	Carpentier	de	0	0	Pieter	0				1746.0	0	1794	0	
739	744	1	Kock	de	0	0	Ysbrand	0				1739.0	0	1805	0	
740	745	1	Buys		0	0	Paulus	0		Zevehoven	Capelle ter Vliet (1592)	1531.0	0	1594	0	
741	746	1	Oldenbarnevelt	van	0	0	Johan	1		Groenevelt (1583), Zuidwind (1583), Hoogland (1590), De Tempel (1592), Stoutenburg (1593), Luttekeweede (1596), Berkel en Rodenrijs (1600), Gunterstein (1611), Bakkum (1613)		1547.0	0	1619	0	Engelse adellijke titel: 17 mei 1611.
742	747	1	Duyck		0	0	Anthony	0		Oud-Carspel		1560.0	1	1629	0	
743	748	1	Pauw		0	0	Adriaan	1		Heemstede (1620)	Nieuwerkerk (1633), Rietwijk (1633), Rietwijkeroord (1633), Zuid-Schalkwijk (1633), Vijfhuizen (1633), Hogersmilde (1633), Schakenbosch	1585.0	0	1653	0	"Engelse adellijke titel: 19-10-1613.
Franse adellijke titel: 27-8-1624."
744	749	1	Cats		0	0	Jacob	1		Wulpen	Finningly	1577.0	0	1660	0	Engelse adellijke titel: 26-01-1627.
745	750	1	Witt	de	0	0	Johan	0		Linschoten (1661)	Snelrewaard, Hekendorp, Yselveere	1625.0	0	1672	0	
746	751	1	Fagel		0	0	Gaspar	0				1634.0	0	1688	0	
747	752	1	Heinsius		0	0	Anthonie	0				1641.0	0	1720	0	
748	753	1	Bas		0	0	Dirck	0				1640.0	0	1709	0	
749	754	1	Aerssen	van	0	0	Cornelis	0		Hoogerheyden en Half-Ossendrecht	Meteren (1694), Triangel en Voshol (1710)	1646.0	0	1728	0	
750	755	1	Hoornbeek	van	0	0	Isaac	0				1655.0	0	1727	0	
751	756	1	Slingelandt	van	0	0	Simon	0				1664.0	0	1736	0	
752	757	1	Heim	van der	0	0	Anthonie	0				1693.0	0	1746	0	
753	758	1	Gilles		0	0	Jacob	0				1691.0	1	1765	0	
754	759	1	Bleyswijk	van	0	0	Pieter	0				1724.0	0	1790	0	
755	760	1	Spiegel	van de	0	0	Laurens Pieter	0				1737.0	0	1800	0	
756	761	1	Cant		0	0	Reynier	0				1536.0	0	1595	0	
757	762	1	Heemskerck	van	0	0	Claes Simonsz.	0				1536.0	0	1616	0	
758	763	1	Boelens		0	0	Jacob Andriesz.	0				1554.0	0	1621	0	
759	764	1	Boom		0	0	Pieter Cornelisz.	0				0.0	0	1609	0	
760	765	1	Cromhout		0	0	Barthold Adriaensz.	0				1550.0	0	1624	0	
761	766	1	Hooft		0	0	Cornelis Pietersz.	0				1547.0	0	1626	0	
762	767	1	Oetgens		0	0	Frans Hendricksz.	0				1558.0	0	1625	0	
763	768	1	Benningh		0	0	Cornelis Jansz. Duyvesz.	0				0.0	0	1617	0	
764	769	1	Pauw		0	0	Reynier Adriaansz.	1				1564.0	0	1636	0	"Engelse adellijke titel: 12-02-1621.
Franse adellijke titel: febr. 1622."
765	770	1	Egbertsz.		0	0	Sebastiaen	0				1563.0	0	1621	0	Voornaam ook: Sebastianus. Geslachtsnaam ook: Egberti.
766	771	1	Bas		0	0	Dirck Jacobsz.	1				1569.0	0	1637	0	Zweedse adellijke titel: 1616.
767	772	1	Graeff	de	0	0	Jacob Dirksz.	0		Zuid-Polsbroek (1610)		1571.0	0	1638	0	
768	773	1	Witsen		0	0	Gerrit Jacob	0				0.0	0	1626	0	
769	774	1	Vrij	de	0	0	Frederick	0				1579.0	0	1646	0	
770	775	1	Witsen		0	0	Jonas Cornelisz.	0				1566.0	0	1626	0	
771	776	1	Boom		0	0	Abraham Pietersz.	0				1575.0	0	1642	0	
772	777	1	Overlander		0	0	Voclkert	1		Purmerland en Ilpendam (1612)		1571.0	0	1630	0	Engelse adellijke titel: 1620.
773	778	1	Geelvinck		0	0	Jan Cornelisz.	0				1579.0	0	1651	0	
774	779	1	Oetgens van Waveren		0	0	Anthony	1		Waveren	Botshol en Ruige Wilnis		0		0	Adellijke titel: 01-03-1635.
775	780	1	Vlaming van Oudtshoorn		0	0	Dierick	0		Oudshoorn en Gnephoek (1627)		1574.0	0	1643	0	
776	781	1	Burgh		0	0	Albert Coenraetsz.	0				1593.0	0	1647	0	
777	782	1	Bicker		0	0	Andries	0		Engelenburg (1646)		1586.0	0	1652	0	
778	783	1	Graeff	de	0	0	Cornelis	0		Zuid-Polsbroek		1599.0	0	1664	0	
779	784	1	Backer		0	0	Willem	1				1595.0	0	1652	0	Venetiaanse adellijke titel.
780	785	1	Bicker		0	0	Cornelis	0		Swieten (1632)		1592.0	0	1654	0	
781	786	1	Schaep		0	0	Gerard	0		Kortenhoef		1598.0	0	1666	0	
782	787	1	Vlaming van Oudtshoorn	de	0	0	Cornelis	1		Oudshoorn en Gnepbroek		1613.0	0	1688	0	
783	788	1	Hoorn	van	0	0	Simon	0				1618.0	0	1667	0	
784	789	1	Tulp		0	0	Nicolaes Claes Pietersz.	0				1593.0	0	1674	0	
785	790	1	Hasselaer		0	0	Gerard	0				1620.0	0	1673	0	
786	791	1	Hooft		0	0	Henrick	0		Oud-Carspel in Koedijk, Schoten en Schoterbosch (1667)		1617.0	0	1678	0	
787	792	1	Valckenier		0	0	Gilles	0				1623.0	0	1680	0	
788	793	1	Witsen		0	0	Nicolaes	0				1641.0	0	1717	0	Patroniem: Cornelisz.
789	794	1	Pancras		0	0	Nicolaes	0				1622.0	0	1678	0	
790	795	1	Heemskerck	van	0	0	Coenraad	1		Achttienhoven en den Bosch (1676)		1646.0	0	1702	0	"Adellijke titel H.R.R.:12-12-1697.
Hij was pensionaris van Amsterdam."
791	796	1	Boreel		0	0	Jacob	1		Duynbeek	St. Aecht en Meeresteyn (1690)	1630.0	0	1697	0	
792	797	1	Geelvinck		0	0	Cornelis	0		Castricum (1664)	Croonenburg (1664)	1621.0	0	1689	0	
793	798	1	Opmeer		0	0	Nicolaes	0				1631.0	0	1696	0	
794	799	1	Hinlopen		0	0	Jacob Jacobsz.	0				1644.0	0	1705	0	
795	800	1	Bors van Waveren		0	0	Gerard	0				1630.0	0	1693	0	Oorspronkelijk Gerard Bors geheten.
796	801	1	Haze de Georgio	de	0	0	Jeronimus	0		Mijnden	Loosdrecht en Stabroek	1651.0	0	1725	0	
797	802	1	Bors van Waveren		0	0	Cornelis	0		Leusden	Hamersveld, Snorrenhoef, 't Heetveld en Donkelaar	1662.0	0	1722	0	
798	803	1	Velters		0	0	Alexander	0				1656.0	0	1719	0	
799	804	1	Pancras		0	0	Gerbrand Michielsz.	0		Westerdijkshorn		1658.0	0	1721	0	
800	805	1	Geelvinck		0	0	Lieve	0		Castricum	Mijnden, Loosdrecht, Backum en Croonenburg	1676.0	0	1743	0	
801	806	1	Bambeeck	van	0	0	Nicolaas	0				1665.0	0	1722	0	
802	807	1	Bempden	van den	0	0	Aegidius	0				1667.0	0	1737	0	
803	808	1	Backer		0	0	Willem Dircksz.	0				1681.0	0	1760	0	
804	809	1	Huydecoper		0	0	Jan Elias	0		Maarseveen	Neerdijk	1669.0	0	1744	0	
805	810	1	Poll	van de	0	0	Harman Henrik	0				1697.0	0	1772	0	
806	811	1	Bempden	van den	0	0	Gilles	0				1697.0	0	1748	0	
807	812	1	Boreel		0	0	Balthasar	0				1673.0	0	1744	0	
808	813	1	Hop		0	0	Cornelis	0				1685.0	0	1762	0	
809	814	1	Leyden	van	0	0	Diderik	0	Jonkheer			1628.0	0	1682	0	Geslachtsnaam ook: Van Leyden van Leeuwen.
810	815	1	Ruijsch		0	0	Coenraad	0				1650.0	0	1731	0	
811	816	1	Banchem		0	0	Nicolaas	0				1658.0	0	1729	0	
812	817	1	Groeneveld	van	0	0	Cornelis	0				1644.0	0	1695	0	Overleden in functie van gecomitteerde raad.
813	818	1	Eleman		0	0	Johan	0				1653.0	0	1727	0	
814	819	1	Kerchem	van	0	0	Frans	0				1645.0	0	1734	0	
815	820	1	Dorp	van	0	0	Pieter	0				1644.0	0	1713	0	
816	821	1	Heemskerk	van	0	0	Joost	0				1629.0	0	1717	0	
817	822	1	Bergh	van den	0	0	Johan	0				1664.0	0	1755	0	
818	823	1	Hoogenhouk		0	0	Abraham	0				1683.0	0	1756	0	
819	824	1	Heemskerk	van	0	0	Willem	0				1688.0	0	1729	0	Overleden in functie van GR.
820	825	1	Berkhout	Teding van	0	0	Nicolaas	0				1681.0	0	1743	0	
821	826	1	Hogeveen	van	0	0	Gerard Amelis	0				1691.0	0	1746	0	
822	827	1	Tol	van	0	0	Nicolaas	0				1685.0	0	1740	0	Patroniem: Pietersz.
823	828	1	Lanschot	van	0	0	Philips	0				1539.0	0	1620	0	Geslachtsnaam ook: Landschot.
824	829	1	Lanschot	van	0	0	Wouter	0				1632.0	0	1717	0	
825	830	1	Lanschot	van	0	0	Johan Alexander	0				1728.0	0	1771	0	
826	831	1	Baersdorp	van	0	0	Jan	0				1565.0	0	1614	0	Patroniem: Jansz.
827	832	1	Duyck de Jode		0	0	Franck	0				0.0	0	1627	0	
828	833	1	Duyck de Jode		0	0	Arnout	0				0.0	0	1606	0	Voornaam ook: Arnoult. Geslachtsnaam ook: Daye de Jode jr. genoemd.
829	834	1	Brouchoven	van	0	0	Jacob	0				1577.0	0	1642	0	Geslachtsnaam ook: Broekhoven.
830	835	1	Brouchoven	van	0	0	Foy	0				1542.0	0	1610	0	Geslachtsnaam ook: Broekhoven.
831	836	1	Thorenvliet	van	0	0	Franck	0				0.0	0	1618	0	Patroniem: Cornelisz.
832	837	1	Goes van Absmade		0	0	Johan	0				0.0	0	1690	0	Patroniem: Willemsz.
833	838	1	Weesp	van	0	0	Cornelis	0				0.0	0	1650	0	Geslachtsnaam ook:  Tetrode van Weesp.
834	839	1	Verboom		0	0	Jacob	0				0.0	0	1634	0	Patroniem: Willemsz.
835	840	1	Groenendijck	van	0	0	Rippert	0				0.0	0	1683	0	Patroniem: Johansz.
836	841	1	Swanenburgh	van	0	0	Paulus	0				1607.0	1	1674	0	
837	842	1	Baersdorp	van	0	0	Clement	0				1573.0	0	1655	0	
838	843	1	Baersdorp	van	0	0	Simon	0				1593.0	0	1658	0	Patroniem: Jansz.
839	844	1	Gael		0	0	Laurens	0				1549.0	1	1618	0	Patroniem: Huygensz.
840	845	1	Deyman		0	0	Pieter Arentsz.	0				1566.0	0	1626	0	
841	846	1	Deyman		0	0	Dirk Cornelis	0				1616.0	0	1678	0	
842	847	1	Meerman		0	0	Johan	0				1624.0	0	1675	0	
843	848	1	Aa	van der	0	0	Mauringh	0				0.0	0	1662	0	Patroniem: Cornelisz.
844	849	1	Meer	van der	0	0	Claas	0				1594.0	0	1654	0	Patroniem: Dircksz.
845	850	1	Meer	van der	0	0	Herman	0		Hoogeveen		1633.0	0	1679	0	
846	851	1	Eleman		0	0	Johan	0				0.0	0	1669	0	
847	852	1	Paets		0	0	Willem	0				0.0	0	1669	0	
848	853	1	Cattenburgh	van	0	0	Willem Hendrik	0		Grijpskerke en Poppendamme		1684.0	0	1745	0	
849	854	1	Burch	van der	0	0	Arent	0				1676.0	0	1735	0	
850	855	1	Burch	van der	0	0	Aalbrecht	0				1632.0	0	1681	0	
851	856	1	Kerckhoven	van den	0	0	Willem	0				1678.0	0	1758	0	
852	857	1	Dussen	van der	0	0	Bruno	0				1660.0	0	1741	0	
853	858	1	Dussen	van der	0	0	Jacob	0				1631.0	0	1701	0	
854	859	1	Lestevenon		0	0	Daniel	0				1660.0	0	1736	0	
855	860	1	Lange	de	0	0	Cornelis	0				1629.0	0	1682	0	
856	861	1	Lange	de	0	0	Cornelis	0				1656.0	0	1712	0	
857	862	1	Lange	de	0	0	Dirk	0				1700.0	0	1762	0	
858	863	1	Does	van der	0	0	Johan	0				1664.0	0	1704	0	Hij was in 1688 nog buiten de vroedschap en al wel gecommitteerde raad.
859	864	1	Does	van der	0	0	Bruno	0				1715.0	0	1791	0	
860	865	1	Does	van der	0	0	Adriaan Jacob	0				1756.0	0	1830	0	
861	866	1	Groenendijk	van	0	0	Donatus	0				1623.0	0	1698	0	
862	867	1	Vrije	de	0	0	Franco	0				1672.0	0	1712	0	
863	868	1	Someren van Vrijenes	van	0	0	Pieter	0				0.0	0	1714	0	
864	869	1	Moeringh		0	0	Adriaan	0				0.0	0	1729	0	
865	870	1	Strijen	van	0	0	Hugo	0				1646.0	0	1710	0	
866	871	1	Suijs		0	0	Govert	0				1694.0	0	1756	0	
867	872	1	Teijsen		0	0	Nicolaas	0				1733.0	0	0000	0	
868	873	1	Togt	van der	0	0	Jacob	0				1684.0	0	1744	0	
869	874	1	Hoogwerff		0	0	Pieter	0				1717.0	0	1762	0	
870	875	1	Jongkint		0	0	Boudewijn	0				1655.0	0	1713	0	
871	876	1	Crabeth		0	0	Reijnier	0				0.0	0	1768	0	In 1748 uit de vroedschap ontslagen.
872	877	1	Abbesteegh	van	0	0	Damianus	0				1664.0	0	1728	0	
873	878	1	Blijdenberg	van	0	0	Gerard Willem	0				0.0	0	1820	0	
874	879	1	Boers		0	0	Willem Sebastiaan	0		Zuid-Waddinxveen		1705.0	0	1754	0	
875	880	1	Crucius		0	0	Karel	0				1648.0	0	1728	0	
876	881	1	Kegelingh		0	0	Gerrit Fransz.	0				1540.0	0	0000	0	
877	882	1	Loncq		0	0	Dirk Jacobsz.	0				1536.0	0	1615	0	Geslachtsnaam ook : Lonck.
878	883	1	Schoonhoven		0	0	Dirk Jacobsz.	0				0.0	0	1640	0	
879	884	1	Vlack		0	0	Johan	0				1545.0	1	1625	0	
880	885	1	Houtman		0	0	Cornelis Adriaansz.	0				0.0	0	1624	0	
881	886	1	Hart	't	0	0	Gijsbert Hendricksz.	0				0.0	0	1637	0	
882	887	1	Banchem	van	0	0	Johan	0				0.0	0	0000	0	Patroniem: Boudewijnsz.
883	888	1	Maas	van der	0	0	Jacob	0				0.0	0	1696	0	Geslachtsnaam ook: Maes.
884	889	1	Assendelft	van	0	0	Pieter	0				0.0	0	0000	0	
885	890	1	Grootvelt	van	0	0	Gerard	0				0.0	0	0000	0	
886	891	1	Moeringh		0	0	Cornelis	0				1634.0	0	1696	0	
887	892	1	Westerhout		0	0	Dirck Maartensz.	0				0.0	0	1638	0	
888	893	1	Bonser		0	0	Jacob	0				1623.0	0	1698	0	
889	894	1	Abbesteegh	van	0	0	Daan Willemsz.	0				0.0	0	1663	0	
890	895	1	Graeff	van der	0	0	Nicolaas	0				0.0	0	1668	0	
891	896	1	Cincq		0	0	Floris	0				0.0	0	1680	0	
892	897	1	"Verboom
Verboom"		0	0	Jacob Jacobsz.	0				0.0	0	1671	0	
893	898	1	Herberts		0	0	Frans Hendricksz.	0				0.0	0	1661	0	Voornaam ook: Francois.
894	899	1	Vossenburch		0	0	Anthonie	0				1603.0	1	1661	0	
895	900	1	Cant		0	0	Floris	0				1610.0	1	1678	0	Geremoveerd in 1672.
896	901	1	Crabeth		0	0	Pieter Woutersz.	0				1568.0	1	1638	0	
897	902	1	Cool		0	0	Adriaan	0				1577.0	1	1651	0	
898	903	1	Vrije	de	0	0	Jacob Jacobsz.	0				0.0	0	1630	0	
899	904	1	Cool		0	0	Gerard Adriaensz.	0				0.0	0	1641	0	
900	905	1	Steenwijck		0	0	Dirck Jansz.	0				0.0	0	1633	0	
901	906	1	Antwerpen		0	0	Gijsbert Hendricksz.	0				0.0	0	1635	0	
902	907	1	Ophemert		0	0	Joost Jansz.	0				1578.0	1	1636	0	
903	908	1	Hart	't	0	0	Jan Hendricksz.	0				0.0	0	1611	0	Voornaam en geslachtsnaam ook: Hendrick Jansz. van Woerden 't Hert.
904	909	1	Trist		0	0	Pieter Pietersz.	0				0.0	0	1623	0	Geslachtsnaam wellicht: Trift?
905	910	1	Vroesen		0	0	Gerrit Jansz.	0				1555.0	1	1630	0	
906	911	1	Hogenberg		0	0	Govert Aartsz.	0				0.0	0	1655	0	
907	912	1	Rosendael	van	0	0	Amelis Jansz.	0				1557.0	0	1620	0	
908	913	1	Rietveld	van	0	0	Melchior Gerard	0				1655.0	0	1700	0	
909	914	1	Vossenburch		0	0	Arent	0				1640.0	0	1693	0	
910	915	1	Beverningh	van	0	0	Hieronymus	0				1614.0	0	1690	0	
911	916	1	Teylingen	van	0	0	Jacob	0				0.0	0	1640	0	
912	917	1	Tocht	van der	0	0	Cornelis Bouwensz.	0				0.0	0	1648	0	
913	918	1	Swaenswijk		0	0	Andries Lourisz.	0				0.0	0	1643	0	
914	919	1	Vrije	de	0	0	Johan	0				1620.0	1	1676	0	
915	920	1	Vereyck		0	0	Adriaan Cornelisz.	0				0.0	0	1682	0	
916	921	1	Sas		0	0	Jan Gijsbertsz.	0				0.0	0	1640	0	
917	922	1	Marcellus		0	0	Gerard	0				1604.0	1	1649	0	
918	923	1	Minne		0	0	Daem Aelbrechtsz.	0				0.0	0	1643	0	
919	924	1	Crabeth		0	0	Johan Pietersz.	0				0.0	0	1652	0	
920	925	1	Houtman		0	0	Aelbert Maartensz.	0				1585.0	1	1662	0	
921	926	1	Dam	van	0	0	Johan	0				0.0	0	1691	0	
922	927	1	Cincq		0	0	Gerard Cornelisz.	0				1592.0	1	1664	0	
923	928	1	Cool		0	0	Aemilius	0				1618.0	0	1688	0	
924	929	1	Hoogh	de	0	0	Anthony Adriaansz.	0				0.0	0	1645	0	
925	930	1	Versteegh		0	0	Imbert Imbertsz.	0				0.0	0	1646	0	Voornaam ook: Engbert Engbertsz.
926	931	1	Lange	de	0	0	Adriaan Andriesz.	0				1566.0	0	1646	0	
927	932	1	Kemp		0	0	Nicolaes Reyesz.	0				0.0	0	1624	0	Bij Van Leeuwen heeft deze Kemp Hendrik als voornaam.
928	933	1	Deym		0	0	Simon Martinusz.	0				1654.0	0	1713	0	
929	934	1	Grootveld		0	0	Johan Willemsz.	0				0.0	0	1694	0	
930	935	1	Grootveld		0	0	Willem Jansz.	0				0.0	0	0000	0	
931	936	1	Ameyden	van der	0	0	Jan Jacobsz.	0				0.0	0	0000	0	
932	937	1	Drept	van der	0	0	Pieter Johansz.	0				0.0	0	0000	0	
933	938	1	Cornelisz.		0	0	Folpert	0				0.0	0	1616	0	
934	939	1	Erckelens	van	0	0	Jacob	0				0.0	0	0000	0	Geslachtsnaam ook: Erkelens.
935	940	1	Vervoorn		0	0	Jacob	0				0.0	0	1653	0	
936	941	1	Boeliszen		0	0	Johan Alardsz.	0				0.0	0	0000	0	Geslachtsnaam ook: Boelisse.
937	942	1	Manson		0	0	Brienen	0				1620.0	0	1683	0	Voor- en geslachtsnaam ook: Briene Manchon.
938	943	1	"Snoeck
Hendrik Jansz."		0	0	Hendrik Jansz.	0				1543.0	1	1603	0	"Geslachtsnaam ook: Snouck.
Voornaam ook : Hendrick"
939	944	1	Boxel		0	0	Adriaan Danielsz.	0				0.0	0	1691	0	
940	945	1	Does	van der	0	0	Hendrik	0				1615.0	0	1708	0	
941	946	1	Hoey	van	0	0	Gerard Abrahamsz.	0				1656.0	0	1708	0	
942	947	1	Sprang	van	0	0	Adriaan Aardsz.	0				0.0	0	1691	0	
943	948	1	Schilthouwer		0	0	Johan	0				1619.0	0	1711	0	
944	949	1	Praam		0	0	Hendrik	0				1629.0	0	1695	0	
945	950	1	Leeuwen van Wusthuysen		0	0	Gerhard	0				0.0	0	1748	0	
946	951	1	Erp	van	0	0	Pieter	0				1667.0	0	1750	0	
947	952	1	Assendelft	van	0	0	Jacob	0				1692.0	0	1752	0	
948	953	1	Dierhout		0	0	Johan Claesz.	0				0.0	0	1626	0	
949	954	1	Neercassel	van	0	0	Wouter Mathijsz.	0				0.0	0	1623	0	
950	955	1	Heusden	van	0	0	Pieter Jansz.	0				0.0	0	0000	0	
951	956	1	Colk	van der	0	0	Arent	0				0.0	0	0000	0	Geslachtsnaam ook: van der Kolk.
952	957	1	Loosen	van	0	0	Aalbrecht	0				0.0	0	0000	0	
953	958	1	Vechoven	van	0	0	Hieronimus	0				1660.0	1	1735	0	Geslachtsnaam ook: Veckhoven.
954	959	1	Hurck	van	0	0	FranÃ§ois	0				0.0	0	1742	0	
955	960	1	Couwenhoven	van	0	0	Willem Allertsz.	0				1592.0	0	1659	0	Vroedschap Rotterdam 1632-1659, en namens Rotterdam gecommitteerde in de Admiraliteit op de Maze 1646-1649 en 1652-1659.
956	961	1	Gans		0	0	Johan	0				0.0	0	0000	0	Overleden na 1665.
957	962	1	Gellinckhuysen	van	0	0	Francois	0				0.0	0	1646	0	
958	963	1	Commersteyn		0	0	Abraham Jansze	0				1571.0	1	1644	0	
959	964	1	Ormea		0	0	Bernardijn	0				1595.0	0	1652	0	Voornaam ook: Bernadin.
960	965	1	Gerbode	de	0	0	Gilles	0				0.0	0	1658	0	Geslachtsnaam ook: Geerbode.
961	966	1	Commersteyn		0	0	Jacob	0				0.0	0	1707	0	"In 1672 ontslagen uit de vroedschap.
Geen lid van de vroedschap van 1672-1686."
962	967	1	Sem		0	0	Balthasar	0				0.0	0	1683	0	In 1672 als vroedschap ontslagen.
963	968	1	Poth	van der	0	0	Simon Gijsbrechtsz.	0				0.0	0	1680	0	
964	969	1	Berkhout	Teding van	0	0	Johan	0				0.0	0	1696	0	
965	970	1	Dijk	van	0	0	Barent	0				0.0	0	1707	0	Voornaam ook: Bernard.
966	971	1	Deym		0	0	Johan	0				1693.0	0	1749	0	
967	972	1	Byemont	van	0	0	Jacob	0				1708.0	0	1773	0	
968	973	1	Wilhem	le Leu de	0	0	Coenraad	0				1732.0	0	1801	0	
969	974	1	Almonde	van	0	0	Adriaan	0				0.0	0	1727	0	"Geslachtsnaam ook: Allemande.
Patr.: Johansz."
970	975	1	Poel	van der	0	0	Jacob	0				0.0	0	1714	0	
971	976	1	Leenmans		0	0	Anthony	0				0.0	0	1725	0	Geslachtsnaam ook: Leemans.
972	977	1	Tael		0	0	Anthony	0				0.0	0	1725	0	
973	978	1	Deym		0	0	Johan	0				0.0	0	1732	0	
974	979	1	Helsdingen	van	0	0	Anthony	0				1682.0	0	1737	0	
975	980	1	Leeuwen	van	0	0	Cornelis Hendrik	0				1694.0	0	1763	0	
976	981	1	Nieustadt	van der	0	0	Paulus	0				0.0	0	1636	0	
977	982	1	Helsdingen	van	0	0	Abraham	0				0.0	0	1758	0	
978	983	1	Almonde	van	0	0	Adriaan	0				0.0	0	1659	0	
979	984	1	Leyden	van	0	0	Francois Adriaan	0				0.0	0	1726	0	Geslachtsnaam ook: Van Leijden van Leeuwen
980	985	1	Braemen	van	0	0	Abraham	0				0.0	0	1656	0	Geslachtsnaam ook: Bramen.
981	986	1	Heim	van der	0	0	Johan	0				1680.0	0	1753	0	
982	987	1	Verdam		0	0	Jan Willemsz.	0				0.0	0	0000	0	
983	988	1	Brasser		0	0	Willem Jacobsz.	0				1574.0	1	1653	0	"In 1618 uit de vroedschap ontslagen.
Geslachtsnaam ook: Brassen."
984	989	1	Bouman		0	0	Simon Cornelisz.	0				0.0	0	1639	0	
985	990	1	Bolleman		0	0	Sebastiaan Hendricksz.	0				0.0	0	0000	0	
986	991	1	Jonas		0	0	Pieter	0				1596.0	0	1635	0	Patroniem: Claesz. Hij was ook in 1625 even vroedschap.
987	992	1	Nieupoort		0	0	Willem	0				1607.0	0	1678	0	
988	993	1	Dussen	van der	0	0	Bruno	0				1588.0	0	1655	0	Voornaam ook: Bruijn.
989	994	1	Cleeff	van	0	0	Abraham	0				0.0	0	0000	0	Geslachtsnaam ook: Kleef.
990	995	1	Bois	du	0	0	Govert	0				1600.0	1	1657	0	Patroniem: Jansz.
991	996	1	Jonassen		0	0	Pieter	0				0.0	0	1668	0	
992	997	1	Beijs		0	0	Pieter Arijense	0				0.0	0	1680	0	Was geen vroedschapslid in 1668-1672.
993	998	1	Dussen	van der	0	0	Adriaan	0				1629.0	0	1681	0	
994	999	1	Pesser van Velsen		0	0	Sebastiaan	0				0.0	0	1680	0	"Patroniem: Anthonisz.
Voornaam ook: Bastiaen."
995	1000	1	Driel	van	0	0	Nicolaas	0				0.0	0	1696	0	
996	1001	1	Bleyswijk	van	0	0	Theodorus	0				1655.0	0	1700	0	
997	1002	1	Dussen	van der	0	0	Gerard	0				1636.0	0	1711	0	Voornaam ook: Gerrit.
998	1003	1	Niesen		0	0	Cornelis	0				0.0	0	0000	0	
999	1004	1	Hulshout		0	0	Simon	0				0.0	0	1717	0	
1000	1005	1	Pesser van Velsen		0	0	Johan	0				0.0	0	1719	0	Geslachtsnaam ook: Pesser.
1001	1006	1	Gordon		0	0	Robert	0				0.0	0	1725	0	Geslachtsnaam ook: Gorden.
1002	1007	1	Heuvel	van den	0	0	Pieter	0				0.0	0	1739	0	
1003	1008	1	Brasser		0	0	Adriaen	0				0.0	0	1695	0	
1004	1009	1	Hulshout		0	0	Andreas	0				0.0	0	1739	0	
1005	1010	1	Schuylenburch	van	0	0	Dionys	0				1653.0	0	1734	0	
1006	1011	1	Grootveld		0	0	Johan	0				0.0	0	1722	0	Patroniem: Johansz.
1007	1012	1	Staal	van der	0	0	Johan	0				0.0	0	0000	0	
1008	1013	1	Boelisz		0	0	Nicolaas	0				1550.0	0	1615	0	
1009	1014	1	Boelisz		0	0	Pieter	0				0.0	0	1628	0	
1010	1015	1	Goijer	de	0	0	Anselmus	0				0.0	0	1667	0	
1011	1016	1	Beek	van der	0	0	Willem	0				0.0	0	1681	0	
1012	1017	1	Westwoud		0	0	Cornelis	0				1612.0	0	1673	0	
1013	1018	1	Westwoud		0	0	Simon	0				1663.0	0	1734	0	
1014	1019	1	Wit		0	0	Pieter Willemsz.	0				0.0	0	1601	0	Geslachtsnaam ook: With.
1015	1020	1	Schoen	van	0	0	Jacob	0				0.0	0	1669	0	
1016	1021	1	Hoogtwoud		0	0	Cornelis	0				0.0	0	1670	0	Geslachtsnaam ook: Hoogwoud.
1017	1022	1	Hinlopen		0	0	Otto	0				0.0	0	1681	0	
1018	1023	1	Emants		0	0	Guilliam Balthasar	0				1737.0	0	1805	0	
1019	1024	1	Munnick		0	0	Jacob	0				0.0	0	1684	0	
1020	1025	1	Jonge	de	0	0	Jelle	0					0		0	
1021	1026	1	Sijms		0	0	Claes Jacobsz.	0				1556.0	0	1615	0	
1022	1027	1	Sijms		0	0	Jacob Claesz	0				0.0	0	1693	0	
1023	1028	1	Abbekerk		0	0	Joan	0				0.0	0	1702	0	
1024	1029	1	Blocquery	van de	0	0	Jan Christiaan	0				0.0	0	0000	0	
1025	1030	1	Verboom		0	0	Johan Hendrik	0				1708.0	0	1790	0	
1026	1031	1	Herwaerden	van	0	0	Aert	0				0.0	0	0000	0	
1027	1032	1	Berckel	van	0	0	Johan	0				1603.0	1	1662	0	Geslachtsnaam ook: Van Berckel de Jonge.
1028	1033	1	Muys van Holy		0	0	Jacob	0				1540.0	1	1592	0	
1029	1034	1	Mierop	van	0	0	Cornelis	0		Hoogwoud		0.0	0	1608	0	Geslachtsnaam ook: Nierop, Myerop of Mijrop.
1030	1035	1	Mierop	van	0	0	Joachim	0		's-Grevelsrecht	Alblasserdam	0.0	0	1643	0	Geslachtsnaam ook: Nierop, Myerop of Mijrop.
1031	1036	1	Slingelandt	van	0	0	Govert	0		Kleine Lindt (1719)	West-Ysselmonde en Patijnenburg.	1694.0	0	1767	0	
1032	1037	1	Duyck		0	0	Adriaan	0		Oudkarspel (1619)	Koedijk	0.0	0	1620	0	
1033	1038	1	Wolff	van der	0	0	Cornelis Anthonisz.	0				0.0	0	1640	0	
1034	1039	1	Rechtere	de	0	0	Coenraet Dircksz.	0				1538.0	1	1601	0	
1035	1040	1	Cleversteyn	van	0	0	Aert Dircksz.	0				0.0	0	1655	0	"Geslachtsnaam ook: Clevesteyn.
Voornaam ook: Adriaen."
1036	1041	1	Buys		0	0	Willem	0				1661.0	0	1749	0	
1037	1042	1	Clotterbooke		0	0	Caspar	0				0.0	0	0000	0	
1038	1043	1	Roijer		0	0	Alexander Hieronymus	0				0.0	0	0000	0	
1039	1044	1	Straaten	van der	0	0	Adriaan	0				1699.0	0	1757	0	
1040	1045	1	Halewijn		0	0	Francois	0		Werven		0.0	0	1734	0	
1041	1046	1	Graeff	van der	0	0	Jacob	0				0.0	0	0000	0	
1042	1047	1	Akersloot		0	0	Auwel Arisz.	0				0.0	0	1649	0	
1043	1048	1	Berkenrode	van	0	0	Adriaan	0				0.0	0	1606	0	Geslachtsnaam ook: Van Berckenrode
1044	1049	1	Backer		0	0	Cornelis	0				0.0	0	1655	0	Patroniem: Adriaensz.
1045	1050	1	Boll		0	0	Pieter	0				0.0	0	1668	0	
1046	1051	1	Bosvelt	van	0	0	Adriaan	0				0.0	0	1698	0	Geslachtsnaam ook: Boschvelt
1047	1052	1	Backer		0	0	Cornelis	0				1668.0	0	1707	0	[Overleden als Gecomm. Raad]
1048	1053	1	Brakel	van	0	0	Cornelis Pieter	0				0.0	0	1740	0	
1049	1054	1	Camer	van der	0	0	Johan	0				0.0	0	1657	0	Voornaam ook: Jan
1050	1055	1	Colterman		0	0	Cornelis	0				0.0	0	1703	0	[Overleden als Gecomm. Raad]
1051	1056	1	Deyman		0	0	Dirck	0				0.0	0	1678	0	"Patroniem: Cornelisz.

[Overleden als Gecomm. Raad]"
1052	1057	1	Dickx		0	0	Diderik	0				0.0	0	1719	0	Voornaam ook: Diederick
1053	1058	1	Fabricius		0	0	Arent	0		Santhorst		0.0	0	1729	0	
1054	1059	1	Gravensteyn		0	0	Cornelis	0				0.0	0	1679	0	Geslachtsnaam ook: Graevesteyn
1055	1060	1	Guldewagen		0	0	Abraham	0				0.0	0	1728	0	
1056	1061	1	Laan	van der	0	0	Gerrit	0				0.0	0	0000	0	"Voornaam ook: Gerard
Patroniem: Cornelisz."
1057	1062	1	Meer	van der	0	0	Nicolaas	0				0.0	0	1635	0	Patroniem: Woutersz.
1058	1063	1	Nieuwenhuyzen	van	0	0	Willem	0				0.0	0	1694	0	Geslachtsnaam ook: Van Nieuwenhuysen
1059	1064	1	Raat	de	0	0	Arent	0				0.0	0	1730	0	Voornaam ook: Adriaan
1060	1065	1	Ruychaver		0	0	Maarten	0				1545.0	0	1626	0	"Voornaam ook: Marten

[Geremoveerd in 1618]"
1061	1066	1	Schoterbosch		0	0	Gerrit Willemsz.	0				0.0	0	1611	0	Geslachtsnaam ook: Van Schoterbosch
1062	1067	1	Berkenrode	van	0	0	Hendrik	0				0.0	0	1635	0	
1063	1068	1	Valkenburg	van	0	0	Cornelis	0				1682.0	0	1728	0	
1064	1069	1	Teylingen	van	0	0	Gerard	0				0.0	0	1636	0	Voornaam ook: Gerrit
1065	1070	1	Thomasz.		0	0	Thomas	0				0.0	0	1603	0	
1066	1071	1	Sont	de	0	0	Anthony	0				1656.0	0	1708	0	"Voornaam ook: Anthonis
Patroniem: Dirksz."
1067	1072	1	Reus	de	0	0	Johan Abrahamsz.	0				0.0	0	1685	0	
1068	1073	1	Hoogeveen	van	0	0	Johan	0				0.0	0	1730	0	"Voornaam ook: Jan
Geslachtsnaam ook: Hogeveen"
1069	1074	1	Graef	van de	0	0	Jacob	0				0.0	0	1745	0	"Geslachtsnaam ook: Van der Graaff
Geslachtsnaam ook: Van den Graaf"
1070	1075	1	Burch	van der	0	0	Willem	0				0.0	0	0000	0	
1071	1076	1	Joppen		0	0	Adriaan	0					0		0	
1072	1077	1	Moel		0	0	Maarten Jansz.	0				0.0	0	1604	0	
1073	1078	1	Rosendael	van	0	0	Aemilius	0				1557.0	0	1620	0	"Geslachtsnaam ook: Rosendaal.
Voornaam ook: Amel, Emilius."
1074	1079	1	Moerkerken		0	0	Jacob Cornelisz.	0				0.0	0	1595	0	Geslachtsnaam ook: Moerkercken of Van Moerkerken.
1075	1080	1	Wel	van der	0	0	Cornelis Lambrechtsz.	0				0.0	0	1621	0	
1076	1081	1	Santen	van	0	0	Heyndrik Dirksz.	0				0.0	0	1606	0	<< Onduidelijk of dit Hendrik Dirksz, (Vr 1594-1606) Dirk Dirksz (Vr 1572-1594), of allebei naelkaar is.>>
1077	1082	1	Valckesteyn	van	0	0	Francois	0				0.0	0	1574	0	
1078	1083	1	Blok		0	0	Bernardus	0				1756.0	0	1818	0	
1079	1084	1	Foreest	van	0	0	Dirk	0				1614.0	0	1679	0	<<Hij was ook vroedschap van Hoorn 1672-1679. Dit opnemen?>>
1080	1085	1	Foreest	van	0	0	Jacob	0				1640.0	0	1708	0	
1081	1086	1	Foreest	van	0	0	Dirk	0				1676.0	0	1717	0	
1082	1087	1	Foreest	van	0	0	Jan	0				1586.0	0	1651	0	
1083	1088	1	Foreest	van	0	0	Jacob	0				1556.0	0	1624	0	
1084	1089	1	Stralen	van	0	0	Jan	0				1713.0	0	1772	0	Geslachtsnaam ook: Mossel van Stralen.
1085	1090	1	Coninck		0	0	Albert	0				1684.0	0	1735	0	
1086	1091	1	Carbasius		0	0	Hendrik	0				1688.0	0	1748	0	
1087	1092	1	Groot		0	0	Nicolaas	0				1725.0	0	1785	0	
1088	1093	1	Maelson		0	0	Francois	0				1538.0	0	1601	1	"Geslachtsnaam oorspronkelijk: Maekschoon.
Voornaam ook: Frans.
Patroniem: Pieterszoon.
<<Hij was van 1587 tot april 1591  syndicus van West-Friesland, vermeldenswaard?>>"
1089	1094	1	Molenwerf		0	0	Jan Jansz.	0					0	1606	0	
1090	1095	1	Crap		0	0	Willem Pietersz.	0					0	1610	0	Geslachtsnaam ook Krap.
1091	1096	1	Sonk		0	0	Albert Fransz.	0				1571.0	0	1658	0	
1092	1097	1	Binneblijf		0	0	Jan Woutersz.	0					0	1612	0	
1093	1098	1	Veen		0	0	Cornelis Cornelisz.	0					0		0	
1094	1099	1	Merens		0	0	Jan Martsz.	0				1574.0	0	1642	0	Geremoveerd in 1618.
1095	1100	1	Kuyper		0	0	Dirk Dirksz.	0					0	1622	0	
1096	1101	1	Burritsz		0	0	Albert	0					0	1624	0	Geslachtsnaam ook: Borritsz
1097	1102	1	Veen		0	0	Claes Cornelisz.	0					0		0	
1098	1103	1	Jacobsz		0	0	Outger	0					0		0	
1099	1104	1	Crap		0	0	Claes Willemsz.	0					0		0	Voornaam ook: Nicolaes.
1100	1105	1	Lammertschagen		0	0	Jan Allertsz.	0					0		0	Voornaam ook: Jan Allardsz.
1101	1106	1	Jager		0	0	Willem Claesz.	0					0	1653	0	
1102	1107	1	Wybo		0	0	Jacob Josiasz.	0					0		0	Geslachtsnaam ook: Wijbo.
1103	1108	1	Hoogtwoud		0	0	Claes Cornelisz.	0				0.0	0	1652	0	Geslachtsnaam ook: Hoogwoud.
1104	1109	1	Keyser		0	0	Cornelis Cornelisz	0					0		0	
1105	1110	1	Ben		0	0	Pieter Dircksz.	0					0		0	
1106	1111	1	Groot		0	0	Maerten Jansz.	0					0		0	
1107	1112	1	Twisch		0	0	Gerrit Pietersz	0					0		0	"Voornaam ook: Gerard.
Geslachtsnaam ook: Twisk."
1108	1113	1	Hovius		0	0	Gerard	0					0		0	
1109	1114	1	Langewagen		0	0	Elbert Dirksz.	0					0		0	
1110	1115	1	Sonk		0	0	Meyndert	0				1626.0	0	1675	0	Voornaam ook: Meynard.
1111	1116	1	Veen		0	0	Dirk Claesz.	0					0	1669	0	
1112	1117	1	Neck	van	0	0	Lucas	0					0		0	
1113	1118	1	Roosekrans		0	0	Jacob	0					0		0	
1114	1119	1	Lobs		0	0	Jacob	0				1630.0	1	1690	1	
1115	1120	1	Sanen	van	0	0	Cornelis Jansz.	0					0		0	
1116	1121	1	Beets		0	0	Huybert Ijsbrandsz	0					0	1671	0	
1117	1122	1	Broeder		0	0	Jan Jacobsz.	0				0.0	0	1678	0	
1118	1123	1	Huygh		0	0	Hendrick	0				1628.0	0	1679	0	
1119	1124	1	Sieuwsz		0	0	Jacob	0					0		0	
1120	1125	1	Huyg		0	0	Claas Dircksz.	0					0		0	
1121	1126	1	Rengers		0	0	Simon Jansz.	0					0		0	
1122	1127	1	Jacobsz		0	0	Albert	0					0		0	
1123	1128	1	Gerbrandsz		0	0	Simon	0					0		0	
1124	1129	1	Rengers		0	0	Lambert Jansz.	0					0		0	
1125	1130	1	Pont		0	0	Frans Dirksz.	0					0		0	
1126	1131	1	Houttuijn		0	0	Jan Anthonisz.	0					0		0	
1127	1132	1	Hoek		0	0	Jan Taamsz.	0					0	1624	0	
1128	1133	1	Groot		0	0	Simon Jacobsz.	0					0		0	
1129	1134	1	Janknegt		0	0	Jan Heijnsz.	0					0		0	
1130	1135	1	Jansz		0	0	Teunis	0					0	1635	0	
1131	1136	1	Heijndricxz		0	0	Bouwen	0					0		0	Geslachtsnaam ook: Heijnsz.
1132	1137	1	Pieterbaas		0	0	Jacob Claesz.	0					0		0	
1133	1138	1	Hens		0	0	Simon Jacobsz.	0					0		0	
1134	1139	1	Outclaas		0	0	Pieter Claasz.	0					0	1638	0	
1135	1140	1	Cornelisz		0	0	Frans	0					0		0	
1136	1141	1	Houttuijn		0	0	Claas Claasz.	0					0	1662	0	
1137	1142	1	Bouwensz		0	0	Maerten	0					0	1641	0	
1138	1143	1	Keetman		0	0	Pieter Claasz.	0					0	1647	0	
1139	1144	1	Pols		0	0	Pieter Jacobsz.	0					0	1647	0	
1140	1145	1	Broeck	van	0	0	Claas Jacobsz.	0					0		0	Geslachtsnaam ook: Broek.
1141	1146	1	Brasker		0	0	Jacob	0				1590.0	1	1681	0	
1142	1147	1	Outclaas		0	0	Pieter Pietersz.	0					0		0	Geremoveerd in 1672.
1143	1148	1	Taamses		0	0	Thijs Heijnsz.	0				0.0	0	1679	0	Geslachtsnaam ook: Taemses, Taemse, Taamsz.
1144	1149	1	Pieteijs		0	0	Jacob Jansz.	0					0		0	Geremoveerd in 1672.
1145	1150	1	Jacobsz		0	0	Wigger	0					0	1672	0	
1146	1151	1	Visscher		0	0	Jan Maertsz.	0					0		0	
1147	1152	1	Cort		0	0	Jacob Clasesz.	0					0		0	
1148	1153	1	Hoogerbeets		0	0	Dirck	0					0		0	
1149	1154	1	Meynertsz		0	0	Simon	0					0		0	
1150	1155	1	Swart		0	0	Doede Maertsz.	0					0		0	
1151	1156	1	Fransz		0	0	Reyner	0					0	1606	1	
1152	1157	1	Vaal	de	0	0	Jan Pietersz.	0					0		0	
1153	1158	1	Coster		0	0	Symon  Allardtsz.	0					0	1620	0	Geremoveerd in 1618.
1154	1159	1	Fortuijn		0	0	Cornelis Jansz.	0					0	1609	0	Geremoveerd in 1618.
1155	1160	1	Schagen		0	0	Cornelis Mathijsz.	0					0	1650	0	
1156	1161	1	Lieves		0	0	Symon Maertsz.	0					0	1651	0	
1157	1162	1	Verwer		0	0	Heijndrick Claesz.	0					0	1668	0	
1158	1163	1	Lynslager		0	0	Jan Outgersz	0					0	1637	0	
1159	1164	1	Busier		0	0	Bartholomeus Maertsz.	0					0	1652	0	
1160	1165	1	Nanningsz		0	0	Pieter	0					0		0	
1161	1166	1	Aker		0	0	Pieter Pietersz.	0					0		0	Geslachtsnaam ook: Aecker.
1162	1167	1	Werff	van der	0	0	Evert Jacobsz.	0					0	1669	0	
1163	1168	1	Coen		0	0	Adam Dircksz.	0					0		0	
1164	1169	1	Zee	de	0	0	Jan Jansz.	0					0		0	
1165	1170	1	Aker		0	0	Jacob	0					0		0	
1166	1171	1	Roocker		0	0	Arijan Dircksz.	0					0		0	
1167	1172	1	Schellinger		0	0	Cornelis Jacobsz.	0					0		0	
1168	1173	1	Puijner		0	0	Dirck Thomasz.	0					0	1658	0	
1169	1174	1	Brouwer		0	0	Reijnier Dircksz.	0					0	1669	0	
1170	1175	1	Zee	de	0	0	Jan	0					0		0	
1171	1176	1	Boos		0	0	Cornelis Jansz.	0					0		0	
1172	1177	1	Hauwert		0	0	Jan Cornelisz.	0					0	1668	0	
1173	1178	1	Zijp	van de	0	0	Cornelis Heertjensz.	0					0		0	
1174	1179	1	Snoeck		0	0	Reijner	0					0		0	
1175	1180	1	Pietersz		0	0	Albert	0					0		0	
1176	1181	1	Hoffmunter		0	0	Johannes	0					0		0	
1177	1182	1	Maelson		0	0	Pieter Jacobsz.	0					0		0	
1178	1183	1	Coppens		0	0	Henrick Melisz	0					0		0	
1179	1184	1	Gerritsz		0	0	Lucas	0					0		0	
1180	1185	1	Brouwer		0	0	Gerrit Jacobsz.	0					0		0	
1181	1186	1	Scharlaeken		0	0	Seger Dircksz.	0					0		0	
1182	1187	1	Grota		0	0	Wybrant Gerbrantsz.	0					0		0	Geslachtsnaam ook: Groota, Grootta.
1183	1188	1	Crijtman		0	0	Jan Nanningsz.	0					0		0	
1184	1189	1	Hooman		0	0	Jan Fransz.	0					0		0	
1185	1190	1	Schipper		0	0	Jacob Sieuwertsz.	0					0	1625	0	Geslachtsnaam ook: Sieuwertsz.
1186	1191	1	Palesteijn		0	0	Pieter Lennertsz.	0					0	1627	0	
1187	1192	1	Botercoper		0	0	Cornelis Cornelisz.	0					0		0	Geslachtsnaam ook: Buttercooper.
1188	1193	1	Brouwer		0	0	Lucas Albertsz.	0					0		0	
1189	1194	1	Lucasz		0	0	Gerrit	0					0		0	
1190	1195	1	Druijff		0	0	Hendrick Freeksz.	0					0	1641	0	
1191	1196	1	Ossecoper		0	0	Crijn Takesz.	0					0		0	Geslachtsnaam ook: Ossenkoper
1192	1197	1	Moescoocker		0	0	Hendrick Gerritsz.	0					0		0	
1193	1198	1	Noortlandt		0	0	Harcko Jansz.	0					0		0	Geslachtsnaam ook: Noordtlandt.
1194	1199	1	Camerlingh		0	0	Jan Jansz.	0					0	1649	0	
1195	1200	1	Guldenarm		0	0	Jacob Hendricksz.	0					0	1654	0	
1196	1201	1	Jansz		0	0	Simon	0					0		0	<< Geslachtsnaam ook: Simon Jansz Timmerman?>>
1197	1202	1	Hardebol		0	0	Pieter Pietersz.	0				1582.0	0	1655	0	
1198	1203	1	Compostel		0	0	Johan	0					0		0	
1199	1204	1	Lakeman		0	0	Frederick Cornelisz.	0				1622.0	0	1655	0	
1200	1205	1	Semeijns		0	0	Pieter Allardsz.	0					0		0	
1201	1206	1	Hagha		0	0	Dirck	0				1620.0	0	1666	0	
1202	1207	1	Florisz		0	0	Pieter	0					0		0	
1203	1208	1	Blaeu		0	0	Willem Wiggertsz.	0					0		0	
1204	1209	1	Vis		0	0	Pieter Hillebrantsz.	0					0		0	
1205	1210	1	Jongknecht		0	0	Adriaan Cornelisz.	0					0	1679	0	
1206	1211	1	Wijnkoper		0	0	Jacob Dirksz.	0					0	1608	0	
1207	1212	1	Foreest	van	0	0	Jan	0					0	1580	0	
1208	1213	1	Torenburgh	van	0	0	Jacob	0					0	1583	0	Geslachtsnaam ook: Torenburg.
1209	1214	1	Rabbi		0	0	Adriaan Heynricxz.	0					0	1620	0	
1210	1215	1	Cromhout		0	0	Reijnier Adriaensz.	0					0	1591	0	
1211	1216	1	Calff		0	0	Gerrit Hendriksz.	0					0	1592	0	
1212	1217	1	Steenhuys		0	0	Jacob Willemsz.	0					0	1612	0	Geslachtsnaam ook: Steenhuijs en Steenhuis.
1213	1218	1	Coren		0	0	Gerrit Jacobsz.	0					0	1625	0	"Geslachtsnaam ook: Cooren.
Coren werd in 1610 uit de vroedschap ontslagen en in 1618 hersteld."
1214	1219	1	Berch	van den	0	0	Hendrik Dirksz.	0					0		0	
1215	1220	1	Teylingen	van	0	0	Pieter Florisz.	0					0	1609	0	
1216	1221	1	Medemblick		0	0	Doede Jansz.	0					0	1612	0	Uit vroedschap ontslagen in 1610.
1217	1222	1	Schagen		0	0	Cornelis Mathijsz.	0					0	1628	0	Schagen werd in 1610 uit de vroedschap ontslagen en in 1618 hersteld.
1218	1223	1	Wittendeel	van	0	0	Jan	0					0	1625	0	In 1618 uit de vroedschap ontslagen.
1219	1224	1	Teylingen	van	0	0	Floris	1	jonkheer				0	1618	0	
1220	1225	1	Vrijburch		0	0	Pieter Claesz.	0					0	1620	0	"Ook bekend als: Pieter Claesz. Seylemaecker.
Geslachtsnaam ook: Vrijburg, Vrijburge.
Uit de vroedschap ontslagen in 1618."
1221	1226	1	Teylingen	van	0	0	Jacob	0					0	1643	0	Uit de vroedschap ontslagen in 1618.
1222	1227	1	Nijenburgh	van de	0	0	Gerard Jansz.	0				1576.0	0	1636	0	Geslachtsnaam ook: Nieuburch, Nijenburg.
1223	1228	1	Rijp		0	0	Cornelis Jansz.	0					0	1630	0	
1224	1229	1	Egmond van de Nijenburg		0	0	Thomas	1	jonkheer			1599.0	0	1675	0	
1225	1230	1	Kessel		0	0	Pieter Willemsz.	0					0	1644	0	
1226	1231	1	Oudesteijn		0	0	Mathijs	0					0		0	
1227	1232	1	Sonnevelt	van	0	0	Cornelis	0					0		0	
1228	1233	1	Sevenhuijsen		0	0	Cornelis Thomasz.	0					0	1649	0	Ook bekend als Cornelis Thomasz. Seylemaker.
1229	1234	1	Clock		0	0	Johan Lourensz.	0					0	1653	0	
1230	1235	1	Teylingen	vn	0	0	Cornelis	1	jonkheer			1613.0	0	1661	0	
1231	1236	1	Nijenburgh	van de	0	0	Johan Gerritsz.	0					0	1712	0	"Geslachtsnaam ook: Nieuburg, Nijenburg.
Op zijn verzoek uit de vroedschap ontslagen in 1687."
1232	1237	1	Baert		0	0	Jacob Cornelisz.	0					0	1668	0	
1233	1238	1	Sevenhuijsen		0	0	Adriaan Cornelisz.	0					0	1669	0	
1234	1239	1	Steenhuijsen		0	0	Barthout Jansz.	0					0	1670	0	Voornaam ook: Barthold, Bartholdus.
1235	1240	1	Aris		0	0	Jacob Jansz.	0					0		0	
1236	1241	1	Lourisz		0	0	Ijsbrant	0					0		0	
1237	1242	1	Brouwer		0	0	Gerrit Claesz.	0					0		0	
1238	1243	1	Heijndricxz		0	0	Pieter	0					0		0	Naam ook wel: Pieter Heijndricxz de Jonge.
1239	1244	1	Haring		0	0	Pouwels Claesz.	0					0	1659	0	Geslachtsnaam ook: Hering.
1240	1245	1	Grebber		0	0	Pieter Claesz.	0					0		0	
1241	1246	1	Cornelisz.		0	0	Jan	0					0		0	Ook: Jan Cornelisz. Out.
1242	1247	1	Ruijter		0	0	Dirck Albertsz.	0					0		0	
1243	1248	1	Backer		0	0	Dirck Pouwelsz.	0					0	1652	0	
1244	1249	1	Dircxz		0	0	Gerrit	0					0		0	
1245	1250	1	Beets		0	0	Huijbert Huijbertsz.	0					0		0	
1246	1251	1	Melisz		0	0	Mathijs	0					0	1647	0	
1247	1252	1	Heijns		0	0	Jan Cornelisz.	0					0		0	
1248	1253	1	Roothooft		0	0	Dirck Pietersz.	0				1606.0	1	1679	0	
1249	1254	1	Melis		0	0	Pieter Mathijsz.	0					0		0	
1250	1255	1	Houttuijn		0	0	Claes Jacobsz.	0					0	1667	0	
1251	1256	1	Pouwels		0	0	Thijs	0					0		0	Voornaam ook: Mathijs.
1252	1257	1	Raedt		0	0	Claes Jansz.	0					0		0	
1253	1258	1	Sem		0	0	Jacob Sijmonsz.	0					0		0	
1254	1259	1	Lakeman		0	0	Pieter	0					0		0	Geslachtsnaam ook: Laeckeman.
1255	1260	1	Baen		0	0	Adriaen Jacobsz.	0					0		0	Geslachtsnaam ook: Baan.
1256	1261	1	Hagen		0	0	Dirck Jacobsz.	0					0		0	
1257	1262	1	Reijnsz		0	0	Simon	0					0		0	
1258	1263	1	Buijs		0	0	Jan Gerritsz.	0					0		0	
1259	1264	1	Ketel		0	0	Pieter Jacobsz.	0					0		0	
1260	1265	1	Admiraal		0	0	Claes Dircksz.	0					0		0	
1261	1266	1	Leijcen		0	0	Hendrik Samuelsz.	0					0		0	
1262	1267	1	Muurgracht		0	0	Jan	0					0		0	
1263	1268	1	Mars		0	0	Jacob Jansz.	0					0		0	
1264	1269	1	Kuyper		0	0	Pieter	0					0		0	
1265	1270	1	Krajinovic		0	0	Bojana	0					0		0	
